id,title,description,availability,condition,price,link,image_link,brand,product_type
1kg-LPP-Extreme,"STEJAR PASTA TERMICA 1 KG (1,000 GRAMOS) LPP-EXTREME INCLUYE ESPATULA Y TOALLITA LIMPIADORA","Pasta térmica de alto rendimiento de la línea LPP-Extreme, con conductividad térmica de 15.7 W/mK y sin partículas metálicas, por lo que no conduce electricidad ni daña los componentes. Se aplica entre el procesador y el disipador para transferir el calor en CPU, GPU, laptops y consolas como PS3, PS4, PS5, Xbox y Nintendo Switch. Presentación de 1 kg para servicio de alto volumen, con espátula y toallita EXTREME CLEAN incluidas.",out of stock,new,2799.08 MXN,https://catalogo.quantum-imports.com/?sku=1kg-LPP-Extreme,https://catalogo.quantum-imports.com/images/stejar/1kg-lpp-extreme.jpg,STEJAR,PASTA TERMICA DE ALTO RENDIMIENTO
LPP-Extreme-50gr,STEJAR PASTA TERMICA 50 GR LPP-EXTREME INCLUYE ESPATULA Y TOALLITA LIMPIADORA,"Pasta térmica LPP-Extreme de alto rendimiento, con conductividad térmica de 15.7 W/mK y sin partículas metálicas, no conductora de electricidad. Transfiere el calor entre el procesador y el disipador en CPU, GPU, laptops y consolas como PS3, PS4, PS5, Xbox y Nintendo Switch. Presentación de 50 gramos con espátula y toallita EXTREME CLEAN incluidas.",out of stock,new,416.34 MXN,https://catalogo.quantum-imports.com/?sku=LPP-Extreme-50gr,https://catalogo.quantum-imports.com/images/stejar/lpp-extreme-50gr.jpg,STEJAR,PASTA TERMICA DE ALTO RENDIMIENTO
LPP-Extreme-30gr,STEJAR PASTA TERMICA 30GR LPP-EXTREME INCLUYE ESPATULA Y TOALLITA LIMPIADORA,"Pasta térmica LPP-Extreme de alto rendimiento, con conductividad térmica de 15.7 W/mK y sin partículas metálicas, no conductora de electricidad. Transfiere el calor entre el procesador y el disipador en CPU, GPU, laptops y consolas como PS3, PS4, PS5, Xbox y Nintendo Switch. Presentación de 30 gramos con espátula y toallita EXTREME CLEAN incluidas.",in stock,new,333.91 MXN,https://catalogo.quantum-imports.com/?sku=LPP-Extreme-30gr,https://catalogo.quantum-imports.com/images/stejar/lpp-extreme-30gr.jpg?v3,STEJAR,PASTA TERMICA DE ALTO RENDIMIENTO
LPP-Extreme-10gr,STEJAR PASTA TERMICA 10 GR LPP-EXTREME INCLUYE ESPATULA Y TOALLITA LIMPIADORA,"Pasta térmica LPP-Extreme de alto rendimiento, con conductividad térmica de 15.7 W/mK y sin partículas metálicas, no conductora de electricidad. Transfiere el calor entre el procesador y el disipador en CPU, GPU, laptops y consolas como PS3, PS4, PS5, Xbox y Nintendo Switch. Presentación de 10 gramos con espátula y toallita EXTREME CLEAN incluidas.",out of stock,new,283.35 MXN,https://catalogo.quantum-imports.com/?sku=LPP-Extreme-10gr,https://catalogo.quantum-imports.com/images/stejar/lpp-extreme-10gr.jpg?v3,STEJAR,PASTA TERMICA DE ALTO RENDIMIENTO
LPP-Extreme-4gr,"STEJAR PASTA TERMICA 4G 15,7  W M/K  / JERINGA","Pasta térmica LPP-Extreme de alto rendimiento, con conductividad térmica de 15.7 W/mK y sin partículas metálicas, por lo que no conduce electricidad. Transfiere el calor entre el procesador y el disipador en CPU, GPU, laptops y consolas como PS3, PS4, PS5, Xbox y Nintendo Switch. Presentación en jeringa de 4 gramos para aplicación precisa.",in stock,new,149.04 MXN,https://catalogo.quantum-imports.com/?sku=LPP-Extreme-4gr,https://catalogo.quantum-imports.com/images/stejar/lpp-extreme-4gr.jpg,STEJAR,PASTA TERMICA DE ALTO RENDIMIENTO
LPP-Extreme-1gr,"STEJAR PASTA TERMICA 1G 15,7 W M/K / JERINGA","Pasta térmica LPP-Extreme de alto rendimiento, con conductividad térmica de 15.7 W/mK y sin partículas metálicas, por lo que no conduce electricidad. Transfiere el calor entre el procesador y el disipador en CPU, GPU, laptops y consolas como PS3, PS4, PS5, Xbox y Nintendo Switch. Presentación en jeringa de 1 gramo para una sola aplicación.",out of stock,new,85.29 MXN,https://catalogo.quantum-imports.com/?sku=LPP-Extreme-1gr,https://catalogo.quantum-imports.com/images/stejar/lpp-extreme-1gr.jpg,STEJAR,PASTA TERMICA DE ALTO RENDIMIENTO
WVR-DF-120-20-05,STEJAR THERMAL PAD 120X20X0.5MM 12.8 W/MK EXTREME ALTO RENDIMIENTO,"Pad térmico de alto rendimiento con conductividad térmica de 12.8 W/mK, no conductor de electricidad y no tóxico. Medida de 120x20 mm con espesor de 0.5 mm, fácil de cortar e instalar con herramientas de corte estándar. Transfiere el calor entre GPU, VRM, memorias y chipsets sin dañar los materiales.",out of stock,new,113.87 MXN,https://catalogo.quantum-imports.com/?sku=WVR-DF-120-20-05,https://catalogo.quantum-imports.com/images/stejar/wvr-df-120-20-05.jpg,STEJAR,PAD TERMICO
WVR-DF-120-20-10,STEJAR THERMAL PAD 120X20X1.0MM 12.8 W/MK EXTREME ALTO RENDIMIENTO,"Pad térmico de alto rendimiento con conductividad térmica de 12.8 W/mK, no conductor de electricidad y no tóxico. Medida de 120x20 mm con espesor de 1.0 mm, fácil de cortar e instalar con herramientas de corte estándar. Transfiere el calor entre GPU, VRM, memorias y chipsets sin dañar los materiales.",out of stock,new,132.33 MXN,https://catalogo.quantum-imports.com/?sku=WVR-DF-120-20-10,https://catalogo.quantum-imports.com/images/stejar/wvr-df-120-20-10.jpg,STEJAR,PAD TERMICO
WVR-DF-120-20-15,STEJAR THERMAL PAD 120X20X1.5MM 12.8 W/MK EXTREME ALTO RENDIMIENTO,"Pad térmico de alto rendimiento con conductividad térmica de 12.8 W/mK, no conductor de electricidad y no tóxico. Medida de 120x20 mm con espesor de 1.5 mm, fácil de cortar e instalar con herramientas de corte estándar. Transfiere el calor entre GPU, VRM, memorias y chipsets sin dañar los materiales.",out of stock,new,150.36 MXN,https://catalogo.quantum-imports.com/?sku=WVR-DF-120-20-15,https://catalogo.quantum-imports.com/images/stejar/wvr-df-120-20-15.jpg,STEJAR,PAD TERMICO
WVR-DF-120-20-20,STEJAR THERMAL PAD 120X20X2.0MM 12.8 W/MK EXTREME ALTO RENDIMIENTO,"Pad térmico de alto rendimiento con conductividad térmica de 12.8 W/mK, no conductor de electricidad y no tóxico. Medida de 120x20 mm con espesor de 2.0 mm, fácil de cortar e instalar con herramientas de corte estándar. Transfiere el calor entre GPU, VRM, memorias y chipsets sin dañar los materiales.",out of stock,new,172.78 MXN,https://catalogo.quantum-imports.com/?sku=WVR-DF-120-20-20,https://catalogo.quantum-imports.com/images/stejar/wvr-df-120-20-20.jpg,STEJAR,PAD TERMICO
WVR-DF-120-20-30,STEJAR THERMAL PAD 120X20X3.0MM 12.8 W/MK EXTREME ALTO RENDIMIENTO,"Pad térmico de alto rendimiento con conductividad térmica de 12.8 W/mK, no conductor de electricidad y no tóxico. Medida de 120x20 mm con espesor de 3.0 mm, fácil de cortar e instalar con herramientas de corte estándar. Transfiere el calor entre GPU, VRM, memorias y chipsets sin dañar los materiales.",out of stock,new,210.15 MXN,https://catalogo.quantum-imports.com/?sku=WVR-DF-120-20-30,https://catalogo.quantum-imports.com/images/stejar/wvr-df-120-20-30.jpg,STEJAR,PAD TERMICO
WVR-DF-95-45-05,STEJAR THERMAL PAD 95X45X0.5MM 12.8 W/MK EXTREME ALTO RENDIMIENTO,"Pad térmico de alto rendimiento con conductividad térmica de 12.8 W/mK, no conductor de electricidad y no tóxico. Medida de 95x45 mm con espesor de 0.5 mm, fácil de cortar e instalar con herramientas de corte estándar. Transfiere el calor entre GPU, VRM, memorias y chipsets sin dañar los materiales.",in stock,new,134.53 MXN,https://catalogo.quantum-imports.com/?sku=WVR-DF-95-45-05,https://catalogo.quantum-imports.com/images/stejar/wvr-df-95-45-05.jpg,STEJAR,PAD TERMICO
WVR-DF-95-45-10,STEJAR THERMAL PAD 95X45X1.0MM 12.8 W/MK EXTREME ALTO RENDIMIENTO,"Pad térmico de alto rendimiento con conductividad térmica de 12.8 W/mK, no conductor de electricidad y no tóxico. Medida de 95x45 mm con espesor de 1.0 mm, fácil de cortar e instalar con herramientas de corte estándar. Transfiere el calor entre GPU, VRM, memorias y chipsets sin dañar los materiales.",in stock,new,166.62 MXN,https://catalogo.quantum-imports.com/?sku=WVR-DF-95-45-10,https://catalogo.quantum-imports.com/images/stejar/wvr-df-95-45-10.jpg,STEJAR,PAD TERMICO
WVR-DF-95-45-15,STEJAR THERMAL PAD 95X45X1.5MM 12.8 W/MK EXTREME ALTO RENDIMIENTO,"Pad térmico de alto rendimiento con conductividad térmica de 12.8 W/mK, no conductor de electricidad y no tóxico. Medida de 95x45 mm con espesor de 1.5 mm, fácil de cortar e instalar con herramientas de corte estándar. Transfiere el calor entre GPU, VRM, memorias y chipsets sin dañar los materiales.",in stock,new,198.72 MXN,https://catalogo.quantum-imports.com/?sku=WVR-DF-95-45-15,https://catalogo.quantum-imports.com/images/stejar/wvr-df-95-45-15.jpg,STEJAR,PAD TERMICO
WVR-DF-95-45-20,STEJAR THERMAL PAD 95X45X2.0MM 12.8 W/MK EXTREME ALTO RENDIMIENTO,"Pad térmico de alto rendimiento con conductividad térmica de 12.8 W/mK, no conductor de electricidad y no tóxico. Medida de 95x45 mm con espesor de 2.0 mm, fácil de cortar e instalar con herramientas de corte estándar. Transfiere el calor entre GPU, VRM, memorias y chipsets sin dañar los materiales.",in stock,new,215.86 MXN,https://catalogo.quantum-imports.com/?sku=WVR-DF-95-45-20,https://catalogo.quantum-imports.com/images/stejar/wvr-df-95-45-20.jpg,STEJAR,PAD TERMICO
WVR-DF-95-45-25,STEJAR THERMAL PAD 95X45X2.5MM 12.8 W/MK EXTREME ALTO RENDIMIENTO,"Pad térmico de alto rendimiento con conductividad térmica de 12.8 W/mK, no conductor de electricidad y no tóxico. Medida de 95x45 mm con espesor de 2.5 mm, fácil de cortar e instalar con herramientas de corte estándar. Transfiere el calor entre GPU, VRM, memorias y chipsets sin dañar los materiales.",in stock,new,205.31 MXN,https://catalogo.quantum-imports.com/?sku=WVR-DF-95-45-25,https://catalogo.quantum-imports.com/images/stejar/wvr-df-95-45-25.jpg,STEJAR,PAD TERMICO
WVR-DF-95-45-30,STEJAR THERMAL PAD 95X45X3.0MM 12.8 W/MK EXTREME ALTO RENDIMIENTO,"Pad térmico de alto rendimiento con conductividad térmica de 12.8 W/mK, no conductor de electricidad y no tóxico. Medida de 95x45 mm con espesor de 3.0 mm, fácil de cortar e instalar con herramientas de corte estándar. Transfiere el calor entre GPU, VRM, memorias y chipsets sin dañar los materiales.",in stock,new,258.95 MXN,https://catalogo.quantum-imports.com/?sku=WVR-DF-95-45-30,https://catalogo.quantum-imports.com/images/stejar/wvr-df-95-45-30.jpg,STEJAR,PAD TERMICO
WVR-DF-95-45-50,STEJAR THERMAL PAD 95X45X5.0MM 12.8 W/MK EXTREME ALTO RENDIMIENTO,"Pad térmico de alto rendimiento con conductividad térmica de 12.8 W/mK, no conductor de electricidad y no tóxico. Medida de 95x45 mm con espesor de 5.0 mm, fácil de cortar e instalar con herramientas de corte estándar. Transfiere el calor entre GPU, VRM, memorias y chipsets sin dañar los materiales.",in stock,new,297.86 MXN,https://catalogo.quantum-imports.com/?sku=WVR-DF-95-45-50,https://catalogo.quantum-imports.com/images/stejar/wvr-df-95-45-50.jpg,STEJAR,PAD TERMICO
VP-WVR-DF-120-20-05,STEJAR THERMAL PAD 120X20X0.5MM 12.8 W/MK EXTREME ALTO RENDIMIENTO VALUE PACK,"Pad térmico de alto rendimiento con conductividad térmica de 12.8 W/mK, no conductor de electricidad y no tóxico. Medida de 120x20 mm con espesor de 0.5 mm, fácil de cortar e instalar. Presentación Value Pack con mayor cantidad de piezas para transferir el calor en GPU, VRM, memorias y chipsets.",out of stock,new,212.13 MXN,https://catalogo.quantum-imports.com/?sku=VP-WVR-DF-120-20-05,https://catalogo.quantum-imports.com/images/stejar/vp-wvr-df-120-20-05.jpg,STEJAR,PAD TERMICO
VP-WVR-DF-120-20-10,STEJAR THERMAL PAD 120X20X1.0MM 12.8 W/MK EXTREME ALTO RENDIMIENTO VALUE PACK,"Pad térmico de alto rendimiento con conductividad térmica de 12.8 W/mK, no conductor de electricidad y no tóxico. Medida de 120x20 mm con espesor de 1.0 mm, fácil de cortar e instalar. Presentación Value Pack con mayor cantidad de piezas para transferir el calor en GPU, VRM, memorias y chipsets.",out of stock,new,243.65 MXN,https://catalogo.quantum-imports.com/?sku=VP-WVR-DF-120-20-10,https://catalogo.quantum-imports.com/images/stejar/vp-wvr-df-120-20-10.jpg,STEJAR,PAD TERMICO
VP-WVR-DF-120-20-15,STEJAR THERMAL PAD 120X20X1.5MM 12.8 W/MK EXTREME ALTO RENDIMIENTO VALUE PACK,"Pad térmico de alto rendimiento con conductividad térmica de 12.8 W/mK, no conductor de electricidad y no tóxico. Medida de 120x20 mm con espesor de 1.5 mm, fácil de cortar e instalar. Presentación Value Pack con mayor cantidad de piezas para transferir el calor en GPU, VRM, memorias y chipsets.",out of stock,new,274.34 MXN,https://catalogo.quantum-imports.com/?sku=VP-WVR-DF-120-20-15,https://catalogo.quantum-imports.com/images/stejar/vp-wvr-df-120-20-15.jpg,STEJAR,PAD TERMICO
VP-WVR-DF-120-20-20,STEJAR THERMAL PAD 120X20X2.0MM 12.8 W/MK EXTREME ALTO RENDIMIENTO VALUE PACK,"Pad térmico de alto rendimiento con conductividad térmica de 12.8 W/mK, no conductor de electricidad y no tóxico. Medida de 120x20 mm con espesor de 2.0 mm, fácil de cortar e instalar. Presentación Value Pack con mayor cantidad de piezas para transferir el calor en GPU, VRM, memorias y chipsets.",in stock,new,312.36 MXN,https://catalogo.quantum-imports.com/?sku=VP-WVR-DF-120-20-20,https://catalogo.quantum-imports.com/images/stejar/vp-wvr-df-120-20-20.jpg,STEJAR,PAD TERMICO
VP-WVR-DF-120-20-30,STEJAR THERMAL PAD 120X20X3.0MM 12.8 W/MK EXTREME ALTO RENDIMIENTO VALUE PACK,"Pad térmico de alto rendimiento con conductividad térmica de 12.8 W/mK, no conductor de electricidad y no tóxico. Medida de 120x20 mm con espesor de 3.0 mm, fácil de cortar e instalar. Presentación Value Pack con mayor cantidad de piezas para transferir el calor en GPU, VRM, memorias y chipsets.",in stock,new,375.89 MXN,https://catalogo.quantum-imports.com/?sku=VP-WVR-DF-120-20-30,https://catalogo.quantum-imports.com/images/stejar/vp-wvr-df-120-20-30.jpg,STEJAR,PAD TERMICO
VP-WVR-DF-95-45-05,STEJAR THERMAL PAD 95X45X0.5MM 12.8 W/MK EXTREME ALTO RENDIMIENTO VALUE PACK,"Pad térmico de alto rendimiento con conductividad térmica de 12.8 W/mK, no conductor de electricidad y no tóxico. Medida de 95x45 mm con espesor de 0.5 mm, fácil de cortar e instalar. Presentación Value Pack con mayor cantidad de piezas para transferir el calor en GPU, VRM, memorias y chipsets.",out of stock,new,228.61 MXN,https://catalogo.quantum-imports.com/?sku=VP-WVR-DF-95-45-05,https://catalogo.quantum-imports.com/images/stejar/vp-wvr-df-95-45-05.jpg,STEJAR,PAD TERMICO
VP-WVR-DF-95-45-10,STEJAR THERMAL PAD 95X45X1.0MM 12.8 W/MK EXTREME ALTO RENDIMIENTO VALUE PACK,"Pad térmico de alto rendimiento con conductividad térmica de 12.8 W/mK, no conductor de electricidad y no tóxico. Medida de 95x45 mm con espesor de 1.0 mm, fácil de cortar e instalar. Presentación Value Pack con mayor cantidad de piezas para transferir el calor en GPU, VRM, memorias y chipsets.",out of stock,new,302.03 MXN,https://catalogo.quantum-imports.com/?sku=VP-WVR-DF-95-45-10,https://catalogo.quantum-imports.com/images/stejar/vp-wvr-df-95-45-10.jpg,STEJAR,PAD TERMICO
VP-WVR-DF-95-45-15,STEJAR THERMAL PAD 95X45X1.5MM 12.8 W/MK EXTREME ALTO RENDIMIENTO VALUE PACK,"Pad térmico de alto rendimiento con conductividad térmica de 12.8 W/mK, no conductor de electricidad y no tóxico. Medida de 95x45 mm con espesor de 1.5 mm, fácil de cortar e instalar. Presentación Value Pack con mayor cantidad de piezas para transferir el calor en GPU, VRM, memorias y chipsets.",out of stock,new,334.35 MXN,https://catalogo.quantum-imports.com/?sku=VP-WVR-DF-95-45-15,https://catalogo.quantum-imports.com/images/stejar/vp-wvr-df-95-45-15.jpg,STEJAR,PAD TERMICO
VP-WVR-DF-95-45-20,STEJAR THERMAL PAD 95X45X2.0MM 12.8 W/MK EXTREME ALTO RENDIMIENTO VALUE PACK,"Pad térmico de alto rendimiento con conductividad térmica de 12.8 W/mK, no conductor de electricidad y no tóxico. Medida de 95x45 mm con espesor de 2.0 mm, fácil de cortar e instalar. Presentación Value Pack con mayor cantidad de piezas para transferir el calor en GPU, VRM, memorias y chipsets.",out of stock,new,363.58 MXN,https://catalogo.quantum-imports.com/?sku=VP-WVR-DF-95-45-20,https://catalogo.quantum-imports.com/images/stejar/vp-wvr-df-95-45-20.jpg,STEJAR,PAD TERMICO
VP-WVR-DF-95-45-30,STEJAR THERMAL PAD 95X45X3.0MM 12.8 W/MK EXTREME ALTO RENDIMIENTO VALUE PACK,"Pad térmico de alto rendimiento con conductividad térmica de 12.8 W/mK, no conductor de electricidad y no tóxico. Medida de 95x45 mm con espesor de 3.0 mm, fácil de cortar e instalar. Presentación Value Pack con mayor cantidad de piezas para transferir el calor en GPU, VRM, memorias y chipsets.",in stock,new,428.87 MXN,https://catalogo.quantum-imports.com/?sku=VP-WVR-DF-95-45-30,https://catalogo.quantum-imports.com/images/stejar/vp-wvr-df-95-45-30.jpg,STEJAR,PAD TERMICO
EC_WAPIES_STEJAR3,CAJA TOALLAS HUMEDA EXTREME CLEAN 3 PIEZAS DE ALCOHOL ISPROPÍLICO PARA LIMPIEZA DE PASTA TERMICA,Toallitas húmedas EXTREME CLEAN con alcohol isopropílico para limpiar y preparar la superficie antes de aplicar la pasta térmica. Retiran residuos de pasta anterior sin dañar los componentes. Caja con 3 piezas.,out of stock,new,54.52 MXN,https://catalogo.quantum-imports.com/?sku=EC_WAPIES_STEJAR3,https://catalogo.quantum-imports.com/images/stejar/ec_wapies_stejar3.jpg,STEJAR,TOALLITAS LIMPIADORAS
EC_WAPIES_STEJAR10,CAJA TOALLAS HUMEDA EXTREME CLEAN 10 PIEZAS DE ALCOHOL ISPROPÍLICO PARA LIMPIEZA DE PASTA TERMICA,Toallitas húmedas EXTREME CLEAN con alcohol isopropílico para limpiar y preparar la superficie antes de aplicar la pasta térmica. Retiran residuos de pasta anterior sin dañar los componentes. Caja con 10 piezas.,out of stock,new,76.28 MXN,https://catalogo.quantum-imports.com/?sku=EC_WAPIES_STEJAR10,https://catalogo.quantum-imports.com/images/stejar/ec_wapies_stejar10.jpg,STEJAR,TOALLITAS LIMPIADORAS
EC_WAPIES_STEJAR20,CAJA TOALLAS HUMEDA EXTREME CLEAN 20 PIEZAS DE ALCOHOL ISPROPÍLICO PARA LIMPIEZA DE PASTA TERMICA,Toallitas húmedas EXTREME CLEAN con alcohol isopropílico para limpiar y preparar la superficie antes de aplicar la pasta térmica. Retiran residuos de pasta anterior sin dañar los componentes. Caja con 20 piezas.,out of stock,new,107.05 MXN,https://catalogo.quantum-imports.com/?sku=EC_WAPIES_STEJAR20,https://catalogo.quantum-imports.com/images/stejar/ec_wapies_stejar20.jpg,STEJAR,TOALLITAS LIMPIADORAS
EC_WAPIES_STEJAR40,CAJA TOALLAS HUMEDA EXTREME CLEAN 40 PIEZAS DE ALCOHOL ISPROPÍLICO PARA LIMPIEZA DE PASTA TERMICA,Toallitas húmedas EXTREME CLEAN con alcohol isopropílico para limpiar y preparar la superficie antes de aplicar la pasta térmica. Retiran residuos de pasta anterior sin dañar los componentes. Caja con 40 piezas.,out of stock,new,147.50 MXN,https://catalogo.quantum-imports.com/?sku=EC_WAPIES_STEJAR40,https://catalogo.quantum-imports.com/images/stejar/ec_wapies_stejar40.jpg,STEJAR,TOALLITAS LIMPIADORAS
PT-X8-002,PASTA TERMICA POLARTHERM X-8 - 2G,"Pasta térmica PolarTherm X-8, de Thermal Grizzly, con base de aceite de silicona mezclada con polvo de óxido de aluminio y zinc, eléctricamente no conductora. Presentación de 2 g, opera de -50 a 150 °C y sirve para CPU y GPU en enfriamiento por aire o líquido. Su menor viscosidad facilita la aplicación, orientada a equipos de gama media y armados DIY.",in stock,new,107.73 MXN,https://catalogo.quantum-imports.com/?sku=PT-X8-002,https://catalogo.quantum-imports.com/images/polar/pt-x8-002.jpg?v3,POLAR THERM,PASTA TERMICA DE ALTO RENDIMIENTO
PT-X8-005,PASTA TERMICA POLARTHERM  X-8 - 5G,"Pasta térmica PolarTherm X-8, de Thermal Grizzly, con base de aceite de silicona mezclada con polvo de óxido de aluminio y zinc, eléctricamente no conductora. Presentación de 5 g, opera de -50 a 150 °C y sirve para CPU y GPU en enfriamiento por aire o líquido. Su menor viscosidad facilita la aplicación, orientada a equipos de gama media y armados DIY.",in stock,new,175.09 MXN,https://catalogo.quantum-imports.com/?sku=PT-X8-005,https://catalogo.quantum-imports.com/images/polar/pt-x8-005.jpg?v3,POLAR THERM,PASTA TERMICA DE ALTO RENDIMIENTO
PT-X8-010,PASTA TERMICA POLARTHERM  X-8 - 10G,"Pasta térmica PolarTherm X-8, de Thermal Grizzly, con base de aceite de silicona mezclada con polvo de óxido de aluminio y zinc, eléctricamente no conductora. Presentación de 10 g, opera de -50 a 150 °C y sirve para CPU y GPU en enfriamiento por aire o líquido. Su menor viscosidad facilita la aplicación, orientada a equipos de gama media y armados DIY.",in stock,new,275.83 MXN,https://catalogo.quantum-imports.com/?sku=PT-X8-010,https://catalogo.quantum-imports.com/images/polar/pt-x8-010.jpg?v3,POLAR THERM,PASTA TERMICA DE ALTO RENDIMIENTO
PT-X8-040,PASTA TERMICA POLARTHERM  X-8 - 40G,"Pasta térmica PolarTherm X-8, de Thermal Grizzly, con base de aceite de silicona mezclada con polvo de óxido de aluminio y zinc, eléctricamente no conductora. Presentación de 40 g para uso intensivo o de taller, opera de -50 a 150 °C y sirve para CPU y GPU en enfriamiento por aire o líquido. Su menor viscosidad facilita la aplicación, orientada a equipos de gama media y armados DIY.",in stock,new,670.37 MXN,https://catalogo.quantum-imports.com/?sku=PT-X8-040,https://catalogo.quantum-imports.com/images/polar/pt-x8-040.jpg,POLAR THERM,PASTA TERMICA DE ALTO RENDIMIENTO
PT-X10-002,PASTA TERMICA POLARTHERM  X-10 - 2G,"Pasta térmica PolarTherm X-10, de Thermal Grizzly, con fórmula mejorada de base de silicona y mayor concentración de óxido de aluminio y zinc, lo que le da más viscosidad y conductividad térmica que la X-8. Eléctricamente no conductora, opera de -50 a 150 °C y viene en presentación de 2 g. Diseñada para CPU de gama alta y GPU en enfriamiento por aire o líquido.",in stock,new,142.17 MXN,https://catalogo.quantum-imports.com/?sku=PT-X10-002,https://catalogo.quantum-imports.com/images/polar/pt-x10-002.jpg?v3,POLAR THERM,PASTA TERMICA DE ALTO RENDIMIENTO
PT-X10-005,PASTA TERMICA POLARTHERM  X-10 - 5G,"Pasta térmica PolarTherm X-10, de Thermal Grizzly, con fórmula mejorada de base de silicona y mayor concentración de óxido de aluminio y zinc, lo que le da más viscosidad y conductividad térmica que la X-8. Eléctricamente no conductora, opera de -50 a 150 °C y viene en presentación de 5 g. Diseñada para CPU de gama alta y GPU en enfriamiento por aire o líquido.",in stock,new,224.93 MXN,https://catalogo.quantum-imports.com/?sku=PT-X10-005,https://catalogo.quantum-imports.com/images/polar/pt-x10-005.jpg?v3,POLAR THERM,PASTA TERMICA DE ALTO RENDIMIENTO
PT-X10-010,PASTA TERMICA POLARTHERM  X-10 - 10G,"Pasta térmica PolarTherm X-10, de Thermal Grizzly, con fórmula mejorada de base de silicona y mayor concentración de óxido de aluminio y zinc, lo que le da más viscosidad y conductividad térmica que la X-8. Eléctricamente no conductora, opera de -50 a 150 °C y viene en presentación de 10 g. Diseñada para CPU de gama alta y GPU en enfriamiento por aire o líquido.",out of stock,new,305.28 MXN,https://catalogo.quantum-imports.com/?sku=PT-X10-010,https://catalogo.quantum-imports.com/images/polar/pt-x10-010.jpg,POLAR THERM,PASTA TERMICA DE ALTO RENDIMIENTO
PT-X10-040,PASTA TERMICA POLARTHERM  X-10 - 40G,"Pasta térmica PolarTherm X-10, de Thermal Grizzly, con fórmula mejorada de base de silicona y mayor concentración de óxido de aluminio y zinc, lo que le da más viscosidad y conductividad térmica que la X-8. Eléctricamente no conductora, opera de -50 a 150 °C y viene en presentación de 40 g para uso intensivo o de taller. Diseñada para CPU de gama alta y GPU en enfriamiento por aire o líquido.",in stock,new,713.50 MXN,https://catalogo.quantum-imports.com/?sku=PT-X10-040,https://catalogo.quantum-imports.com/images/polar/pt-x10-040.jpg?v3,POLAR THERM,PASTA TERMICA DE ALTO RENDIMIENTO
SEASONIC PRIME TX-1600 NOCTUA EDITION,NOCTUA FUENTE SEASONIC PRIME TX-1600 NOCTUA EDITION,"Fuente de poder de 1600W con certificación 80 PLUS Titanium y totalmente modular, basada en la plataforma insignia Seasonic PRIME TX. La Noctua Edition integra un ventilador NF-A12x25 y una rejilla optimizada con control semipasivo: opera sin ventilador hasta cerca del 50% de carga a temperatura ambiente típica y a 100% de carga se mantiene alrededor de 24 dB(A). Incluye soporte ATX 3.1 y PCIe 5.1, cables modulares con temática Noctua y 12 años de garantía Seasonic.",out of stock,new,12321.59 MXN,https://catalogo.quantum-imports.com/?sku=SEASONIC%20PRIME%20TX-1600%20NOCTUA%20EDITION,https://catalogo.quantum-imports.com/images/noctua/seasonic_prime_tx-1600_noctua_edition.jpg,NOCTUA,FUENTE PODER EDICION ESPECIAL
NT-H1 3.5g,NOCTUA PASTA TERMICA NT-H1 3.5 GRAMOS,"Compuesto térmico híbrido de alto rendimiento en presentación de 3.5 gramos, suficiente para alrededor de 3 a 20 aplicaciones según el tamaño del procesador. No es eléctricamente conductivo, por lo que no hay riesgo de cortocircuitos, y no requiere tiempo de curado tras la aplicación.",out of stock,new,208.98 MXN,https://catalogo.quantum-imports.com/?sku=NT-H1%203.5g,https://catalogo.quantum-imports.com/images/noctua/nt-h1_3_5g.jpg,NOCTUA,PASTA TERMICA DE ALTO RENDIMIENTO
NT-H1 3.5g SW-EDITION,NOCTUA PASTA TERMICA NT-H1 3.5g SW-EDITION,"Es el compuesto térmico NT-H1 en presentación de 3.5 gramos, en su edición SW (Spatula & Wipes). Además de la pasta incluye una espátula para esparcir manualmente el compuesto y tres toallitas de limpieza NA-CW1 para preparar la superficie y retirar residuos. Compuesto híbrido no conductivo y sin tiempo de curado.",out of stock,new,196.03 MXN,https://catalogo.quantum-imports.com/?sku=NT-H1%203.5g%20SW-EDITION,https://catalogo.quantum-imports.com/images/noctua/nt-h1_3_5g_sw-edition.jpg?v3,NOCTUA,PASTA TERMICA DE ALTO RENDIMIENTO
NT-H1 3.5g AM5 Edition,NOCTUA PASTA TERMICA NT-H1 3.5G AM5 EDITION,"Compuesto térmico NT-H1 de 3.5 gramos en edición AM5. Incluye el protector NA-TPG1, que evita que la pasta se acumule en las ranuras del disipador integrado de los procesadores AMD AM5 y mantiene limpio el CPU. Pasta híbrida no conductiva y sin tiempo de curado.",out of stock,new,194.94 MXN,https://catalogo.quantum-imports.com/?sku=NT-H1%203.5g%20AM5%20Edition,https://catalogo.quantum-imports.com/images/noctua/nt-h1_3_5g_am5_edition.jpg?v3,NOCTUA,PASTA TERMICA DE ALTO RENDIMIENTO
NT-H1 10g,NOCTUA PASTA TERMICA NT-H1 10G,"Compuesto térmico híbrido NT-H1 en presentación de 10 gramos, para alrededor de 9 a 60 aplicaciones según el tamaño del procesador. No es eléctricamente conductivo y no requiere tiempo de curado; es apto para disipadores de cobre o aluminio, con o sin niquelado.",out of stock,new,309.17 MXN,https://catalogo.quantum-imports.com/?sku=NT-H1%2010g,https://catalogo.quantum-imports.com/images/noctua/nt-h1_10g.jpg,NOCTUA,PASTA TERMICA DE ALTO RENDIMIENTO
NT-H2 3.5g,NOCTUA PASTA TERMICA NT-H2 3.5G,"Segunda generación del compuesto térmico Noctua, NT-H2, en presentación de 3.5 gramos para alrededor de 3 a 20 aplicaciones según el tamaño del CPU o GPU. No es eléctricamente conductivo, sin riesgo de cortocircuito, y es compatible con cualquier disipador de cobre o aluminio, niquelado o no.",out of stock,new,331.98 MXN,https://catalogo.quantum-imports.com/?sku=NT-H2%203.5g,https://catalogo.quantum-imports.com/images/noctua/nt-h2_3_5g.jpg,NOCTUA,PASTA TERMICA DE ALTO RENDIMIENTO
NT-H2 10g,NOCTUA PASTA TERMICA NT-H2 10G,"Compuesto térmico NT-H2 de segunda generación en presentación de 10 gramos, para alrededor de 9 a 60 aplicaciones según el tamaño del CPU o GPU. No es eléctricamente conductivo y es seguro de usar con cualquier tipo de disipador.",out of stock,new,524.64 MXN,https://catalogo.quantum-imports.com/?sku=NT-H2%2010g,https://catalogo.quantum-imports.com/images/noctua/nt-h2_10g.jpg?v3,NOCTUA,PASTA TERMICA DE ALTO RENDIMIENTO
NT-H2 3.5g AM5 Edition,NOCTUA PASTA TERMICA NT-H2 3.5G AM5 EDITION,"Compuesto térmico NT-H2 de segunda generación en presentación de 3.5 gramos, edición AM5. Incluye el protector NA-TPG1 que impide la acumulación de pasta en las ranuras del disipador integrado de los CPU AMD AM5, más tres toallitas NA-CW1 prehumedecidas con una mezcla de alcohol isopropílico para limpieza. Pasta no conductiva.",out of stock,new,294.03 MXN,https://catalogo.quantum-imports.com/?sku=NT-H2%203.5g%20AM5%20Edition,https://catalogo.quantum-imports.com/images/noctua/nt-h2_3_5g_am5_edition.jpg?v3,NOCTUA,PASTA TERMICA DE ALTO RENDIMIENTO
NH-D15 CH.BK,NOCTUA DISIPADOR DE AIRE NH-D15 CHROMAX.BLACK,"Disipador de aire de doble torre de alto rendimiento, versión chromax.black con recubrimiento totalmente negro en disipador y ventiladores. Incluye dos ventiladores NF-A15 de 140mm con control PWM y mide 165mm de altura. El rendimiento es idéntico al del NH-D15 estándar; solo cambia el acabado negro.",in stock,new,2456.92 MXN,https://catalogo.quantum-imports.com/?sku=NH-D15%20CH.BK,https://catalogo.quantum-imports.com/images/noctua/nh-d15_ch_bk.jpg,NOCTUA,DISIPADOR DE AIRE DE ALTO RENDIMIENTO
NH-D15,NOCTUA DISIPADOR DE AIRE NH-D15,"Disipador de aire de doble torre, modelo insignia de Noctua para refrigeración silenciosa de alto rendimiento. Incluye dos ventiladores NF-A15 de 140mm con PWM y mide 165mm de altura. Es compatible con una amplia gama de sockets Intel y AMD mediante el sistema de montaje SecuFirm2.",in stock,new,2228.54 MXN,https://catalogo.quantum-imports.com/?sku=NH-D15,https://catalogo.quantum-imports.com/images/noctua/nh-d15.jpg,NOCTUA,DISIPADOR DE AIRE DE ALTO RENDIMIENTO
NH-D15S CH.BK,NOCTUA DISIPADOR DE AIRE NH-D15S CHROMAX.BLACK,"Versión asimétrica de una sola torre y un ventilador del disipador insignia NH-D15, en acabado chromax.black totalmente negro. El montaje con un solo ventilador y las aletas inferiores recortadas garantizan 100% de compatibilidad con módulos de RAM de hasta 65mm de altura. Incluye un ventilador NF-A15 de 140mm con PWM.",in stock,new,2323.62 MXN,https://catalogo.quantum-imports.com/?sku=NH-D15S%20CH.BK,https://catalogo.quantum-imports.com/images/noctua/nh-d15s_ch_bk.jpg,NOCTUA,DISIPADOR DE AIRE DE ALTO RENDIMIENTO
NH-D15S,NOCTUA DISIPADOR DE AIRE NH-D15S,"Disipador de aire de doble torre, versión asimétrica de un solo ventilador del NH-D15. El diseño con un ventilador y las aletas inferiores recortadas dan 100% de compatibilidad con memorias RAM de hasta 65mm de altura. Incluye un ventilador NF-A15 de 140mm con control PWM.",in stock,new,2135.73 MXN,https://catalogo.quantum-imports.com/?sku=NH-D15S,https://catalogo.quantum-imports.com/images/noctua/nh-d15s.jpg,NOCTUA,DISIPADOR DE AIRE DE ALTO RENDIMIENTO
NH-D15 G2,NOCTUA DISIPADOR DE AIRE D15 G2,"Disipador de aire de doble torre de alto rendimiento, modelo insignia de nueva generación de Noctua. Incluye dos ventiladores NF-A14x25r G2 con PWM, ligeramente desfasados en velocidad para mejor acústica, que se regulan entre 1500 y 300 rpm. Se ofrece en tres versiones según la convexidad de la base; esta es la versión estándar de convexidad media.",out of stock,new,3428.49 MXN,https://catalogo.quantum-imports.com/?sku=NH-D15%20G2,https://catalogo.quantum-imports.com/images/noctua/nh-d15_g2.jpg,NOCTUA,DISIPADOR DE AIRE DE ALTO RENDIMIENTO
NH-D15 G2 HBC,NOCTUA DISIPADOR DE AIRE D15 G2 HBC,"Disipador de doble torre NH-D15 G2 en versión HBC (High Base Convexity), con base de convexidad alta optimizada para CPU marcadamente cóncavos, como procesadores Intel LGA1700 usados con presión completa de ILM o deformados por uso prolongado. Incluye dos ventiladores NF-A14x25r G2 con PWM, regulables de 1500 a 300 rpm.",in stock,new,3428.49 MXN,https://catalogo.quantum-imports.com/?sku=NH-D15%20G2%20HBC,https://catalogo.quantum-imports.com/images/noctua/nh-d15_g2_hbc.jpg,NOCTUA,DISIPADOR DE AIRE DE ALTO RENDIMIENTO
NH-D15 G2 LBC,NOCTUA DISIPADOR DE AIRE D15 G2 LBC,"Disipador de doble torre NH-D15 G2 en versión LBC (Low Base Convexity), con base de convexidad baja optimizada para CPU relativamente planos, como los AMD AM5, incluso sin usar la opción de montaje con offset. Incluye dos ventiladores NF-A14x25r G2 con PWM, regulables de 1500 a 300 rpm.",out of stock,new,3428.49 MXN,https://catalogo.quantum-imports.com/?sku=NH-D15%20G2%20LBC,https://catalogo.quantum-imports.com/images/noctua/nh-d15_g2_lbc.jpg,NOCTUA,DISIPADOR DE AIRE DE ALTO RENDIMIENTO
NH-D15 G2 CH.BK,NOCTUA DISIPADOR DE AIRE NH-D15 G2 CH.BK,"Versión chromax.black del disipador insignia de doble torre NH-D15 G2, con disipador recubierto en negro y ventiladores negros. Usa el disipador refinado de 8 heatpipes y dos ventiladores NF-A14x25r G2 con PWM. Incluye montaje multi-socket SecuFirm2+ (Intel LGA1851/1700/1200/115x y AMD AM4/AM5) y compuesto térmico NT-H2.",out of stock,new,3634.00 MXN,https://catalogo.quantum-imports.com/?sku=NH-D15%20G2%20CH.BK,https://catalogo.quantum-imports.com/images/noctua/NH-D15_G2_CH_BK.jpg,NOCTUA,DISIPADOR DE AIRE DE ALTO RENDIMIENTO
NH-L12 Ghost S1,NOCTUA  DISIPADOR DE AIRE NH-L12 GHOST S1,"Disipador de bajo perfil compacto y silencioso, edición especial desarrollada para el gabinete Louqe Ghost S1 y otros equipos de formato pequeño y HTPC. Incluye compuesto térmico NT-H2 de segunda generación y el sistema de montaje multi-socket SecuFirm2, compatible con sockets Intel (LGA1851, LGA1700, LGA1200, LGA115x) y AMD (AM5, AM4).",out of stock,new,1281.33 MXN,https://catalogo.quantum-imports.com/?sku=NH-L12%20Ghost%20S1,https://catalogo.quantum-imports.com/images/noctua/nh-l12_ghost_s1.jpg?v3,NOCTUA,DISIPADOR DE AIRE DE ALTO RENDIMIENTO
NH-L12S,NOCTUA  DISIPADOR DE AIRE NH-L12S,"Disipador de bajo perfil de 120mm con solo 70mm de altura, pensado para equipos ITX, HTPC y de formato pequeño. Con el ventilador montado bajo las aletas, la altura total del disipador es de 70mm.",out of stock,new,1337.56 MXN,https://catalogo.quantum-imports.com/?sku=NH-L12S,https://catalogo.quantum-imports.com/images/noctua/nh-l12s.jpg,NOCTUA,DISIPADOR DE AIRE DE ALTO RENDIMIENTO
NH-L9a-AM4,NOCTUA  DISIPADOR DE AIRE NH-L9A-AM4,"Disipador de bajo perfil dedicado al socket AMD AM4, con solo 37mm de altura para gabinetes muy delgados, HTPC y equipos de formato pequeño. Usa un disipador delgado de 23mm y el ventilador NF-A9x14 de 92mm y 14mm de grosor con control PWM. Su huella compacta ofrece 100% de compatibilidad con RAM y PCIe.",out of stock,new,951.37 MXN,https://catalogo.quantum-imports.com/?sku=NH-L9a-AM4,https://catalogo.quantum-imports.com/images/noctua/nh-l9a-am4.jpg,NOCTUA,DISIPADOR DE AIRE DE ALTO RENDIMIENTO DE BAJO PERFIL
NH-L9a-AM4 CH.BK,NOCTUA DISIPADOR DE AIRE NH-L9A-AM4 CHROMAX.BLACK,"Versión chromax.black del disipador de bajo perfil NH-L9a-AM4, con recubrimiento negro en disipador y ventilador. Dedicado al socket AMD AM4, mide solo 37mm de altura e incluye el ventilador NF-A9x14 de 92mm con PWM. El rendimiento es idéntico al del modelo estándar.",in stock,new,1303.49 MXN,https://catalogo.quantum-imports.com/?sku=NH-L9a-AM4%20CH.BK,https://catalogo.quantum-imports.com/images/noctua/nh-l9a-am4_ch_bk.jpg,NOCTUA,DISIPADOR DE AIRE DE ALTO RENDIMIENTO DE BAJO PERFIL
NH-L9a-AM5,NOCTUA DISIPADOR DE AIRE L9a-AM5,"Disipador de bajo perfil dedicado al socket AMD AM5, con solo 37mm de altura para equipos compactos, HTPC e ITX. Usa un disipador delgado de 23mm y el ventilador NF-A9x14 de 92mm con PWM, con 100% de compatibilidad con RAM y PCIe.",out of stock,new,1039.09 MXN,https://catalogo.quantum-imports.com/?sku=NH-L9a-AM5,https://catalogo.quantum-imports.com/images/noctua/nh-l9a-am5.jpg,NOCTUA,DISIPADOR DE AIRE DE ALTO RENDIMIENTO DE BAJO PERFIL
NH-L9a-AM5 CH.BK,NOCTUA DISIPADOR DE AIRE L9a-AM5 CHROMAX BLACK,"Versión chromax.black totalmente negra del NH-L9a-AM5, disipador de bajo perfil dedicado al socket AMD AM5 con 37mm de altura. Incluye el ventilador NF-A9x14 de 92mm con PWM. Solo cambia el acabado respecto al modelo estándar.",out of stock,new,1158.08 MXN,https://catalogo.quantum-imports.com/?sku=NH-L9a-AM5%20CH.BK,https://catalogo.quantum-imports.com/images/noctua/nh-l9a-am5_ch_bk.jpg,NOCTUA,DISIPADOR DE AIRE DE ALTO RENDIMIENTO DE BAJO PERFIL
NH-L9X65,NOCTUA DISIPADOR DE AIRE NH-L9X65,"Disipador de bajo perfil de 92mm con solo 65mm de altura, con compatibilidad total de RAM y PCIe incluso en placas ITX y microATX. Incluye el ventilador NF-A9x14 de 92mm y 14mm de grosor. Ofrece buen rendimiento en su clase, aunque no está pensado para overclocking ni CPU de alta disipación térmica.",out of stock,new,1402.85 MXN,https://catalogo.quantum-imports.com/?sku=NH-L9X65,https://catalogo.quantum-imports.com/images/noctua/nh-l9x65.jpg,NOCTUA,DISIPADOR DE AIRE DE ALTO RENDIMIENTO
NH-L9X65 SE-AM4,NOCTUA  DISIPADOR DE AIRE NH-L9X65 SE-AM4,"Edición especial del NH-L9x65 dedicada a la plataforma AMD AM4/AM5, con el sistema de montaje SecuFirm2 para esos sockets. Mide solo 65mm de altura y 95mm de ancho para respetar la zona de exclusión del socket, e incluye el ventilador NF-A9x14 de 92mm con PWM y pasta NT-H1. No es apto para overclocking ni cargas térmicas altas.",out of stock,new,1264.15 MXN,https://catalogo.quantum-imports.com/?sku=NH-L9X65%20SE-AM4,https://catalogo.quantum-imports.com/images/noctua/nh-l9x65_se-am4.jpg?v3,NOCTUA,DISIPADOR DE AIRE DE ALTO RENDIMIENTO DE BAJO PERFIL
NH-U12A CH.BK,NOCTUA  DISIPADOR DE AIRE NH-U12A CH.BK,"Versión chromax.black del disipador de torre NH-U12A, con acabado negro en disipador y ventiladores. Combina dos ventiladores NF-A12x25 de 120mm con un disipador rediseñado de 7 heatpipes y mayor superficie de aletas para alta disipación. El rendimiento es idéntico al del modelo estándar.",out of stock,new,2666.66 MXN,https://catalogo.quantum-imports.com/?sku=NH-U12A%20CH.BK,https://catalogo.quantum-imports.com/images/noctua/nh-u12a_ch_bk.jpg,NOCTUA,DISIPADOR DE AIRE DE ALTO RENDIMIENTO
NH-U12S DX-4189,NOCTUA  DISIPADOR DE AIRE NH-U12S DX-4189,"Disipador de torre dedicado al socket Intel LGA4189 para procesadores Xeon Scalable de 3a generación (Ice Lake-SP) y serie W-3300, incompatible con otros sockets. Mide 158mm de altura y 125mm de ancho, con cinco heatpipes y dos ventiladores NF-A12x25 de 120mm en configuración push/pull. Incluye el montaje profesional SecuFirm2 y pasta NT-H1 preaplicada.",in stock,new,2527.87 MXN,https://catalogo.quantum-imports.com/?sku=NH-U12S%20DX-4189,https://catalogo.quantum-imports.com/images/noctua/nh-u12s_dx-4189.jpg?v3,NOCTUA,DISIPADOR DE AIRE DE ALTO RENDIMIENTO
NH-U12S CH.BK,NOCTUA DISIPADOR DE AIRE NH-U12S CHROMAX.BLACK,"Versión chromax.black del disipador de torre NH-U12S, con acabado totalmente negro. Su perfil delgado de 45mm asegura 100% de compatibilidad con memorias RAM altas y mide 158mm de altura, adecuado para la mayoría de gabinetes torre. Incluye un ventilador de 120mm con control PWM.",in stock,new,1745.53 MXN,https://catalogo.quantum-imports.com/?sku=NH-U12S%20CH.BK,https://catalogo.quantum-imports.com/images/noctua/nh-u12s_ch_bk.jpg,NOCTUA,DISIPADOR DE AIRE DE ALTO RENDIMIENTO
NH-U12S,NOCTUA DISIPADOR DE AIRE NH-U12S,"Disipador de torre de una sola torre de la clásica serie U de Noctua, con forma delgada de 45mm que garantiza 100% de compatibilidad con módulos de RAM altos. Mide 158mm de altura, suficiente para caber en la mayoría de gabinetes torre medios y altos. Incluye el ventilador NF-F12 de 120mm con tecnología Focused Flow.",in stock,new,1501.18 MXN,https://catalogo.quantum-imports.com/?sku=NH-U12S,https://catalogo.quantum-imports.com/images/noctua/nh-u12s.jpg,NOCTUA,DISIPADOR DE AIRE DE ALTO RENDIMIENTO
NH-U12S redux,NOCTUA DISIPADOR DE AIRE NH-U12S REDUX,"Versión redux del disipador de torre NH-U12S, línea de acabado gris con mejor relación precio-rendimiento. Mide 158mm de altura, 125mm de ancho y 45mm de fondo para no invadir los slots de RAM. Incluye el ventilador NF-P12 redux-1700 PWM, pasta NT-H1 preaplicada y montaje SecuFirm2 para sockets Intel (LGA1851, LGA1700, LGA1200, LGA115x) y AMD AM4/AM5.",in stock,new,1141.87 MXN,https://catalogo.quantum-imports.com/?sku=NH-U12S%20redux,https://catalogo.quantum-imports.com/images/noctua/nh-u12s_redux.jpg?v3,NOCTUA,DISIPADOR DE AIRE DE ALTO RENDIMIENTO
NH-U14S,NOCTUA  DISIPADOR DE AIRE NH-U14S,"Disipador de torre de alto rendimiento de 165mm de altura, con diseño delgado de una sola torre de 52mm y configuración de un ventilador. Incluye un ventilador NF-A15 de 140mm con control PWM para ajuste automático de velocidad desde la placa base.",in stock,new,1849.08 MXN,https://catalogo.quantum-imports.com/?sku=NH-U14S,https://catalogo.quantum-imports.com/images/noctua/nh-u14s.jpg,NOCTUA,DISIPADOR DE AIRE DE ALTO RENDIMIENTO
NH-U14S TR4-SP3,NOCTUA  DISIPADOR DE AIRE NH-U14S TR4-SP3,"Versión del NH-U14S para la plataforma AMD sTRX4/TR4/SP3 (Ryzen Threadripper y Epyc), con superficie de contacto más grande y montaje SecuFirm2 específico para esos sockets. Incluye el ventilador NF-A15 de 140mm con PWM, pasta térmica NT-H1 y 6 años de garantía.",out of stock,new,1975.74 MXN,https://catalogo.quantum-imports.com/?sku=NH-U14S%20TR4-SP3,https://catalogo.quantum-imports.com/images/noctua/nh-u14s_tr4-sp3.jpg,NOCTUA,DISIPADOR DE AIRE DE ALTO RENDIMIENTO
NH-U9 TR4-SP3,NOCTUA  DISIPADOR DE AIRE NH-U9 TR4-SP3,"Disipador de torre para la plataforma AMD sTRX4/TR4/SP3 (Ryzen Threadripper y Epyc), con superficie de contacto ampliada y montaje SecuFirm2 específico. Incluye dos ventiladores NF-A9 de 92mm con PWM en configuración push/pull, pasta NT-H1 y 6 años de garantía.",out of stock,new,1886.74 MXN,https://catalogo.quantum-imports.com/?sku=NH-U9%20TR4-SP3,https://catalogo.quantum-imports.com/images/noctua/nh-u9_tr4-sp3.jpg,NOCTUA,DISIPADOR DE AIRE DE ALTO RENDIMIENTO
NH-U9S,NOCTUA  DISIPADOR DE AIRE NH-U9S,"Disipador de torre compacto de 92mm con 125mm de altura, con excelente compatibilidad de gabinete, RAM y PCIe. Incluye un ventilador NF-A9 de 92mm con control PWM para ajuste automático de velocidad.",out of stock,new,1290.61 MXN,https://catalogo.quantum-imports.com/?sku=NH-U9S,https://catalogo.quantum-imports.com/images/noctua/nh-u9s.jpg,NOCTUA,DISIPADOR DE AIRE DE ALTO RENDIMIENTO DE BAJO PERFIL
NH-U9S CH.BK,NOCTUA DISIPADOR DE AIRE NH-U9S chromax.black,"Versión chromax.black del disipador de torre compacto NH-U9S, con acabado negro. Mide 125mm de altura con buena compatibilidad de RAM, PCIe y gabinete, e incluye un ventilador NF-A9 de 92mm con PWM. El rendimiento es idéntico al del modelo estándar.",out of stock,new,1544.97 MXN,https://catalogo.quantum-imports.com/?sku=NH-U9S%20CH.BK,https://catalogo.quantum-imports.com/images/noctua/nh-u9s_ch_bk.jpg,NOCTUA,DISIPADOR DE AIRE DE ALTO RENDIMIENTO
NH-C14S,NOCTUA  DISIPADOR DE AIRE NH-C14S,"Disipador top-flow de clase alta, muy eficiente y con altura ajustable. Con el ventilador montado sobre las aletas es compatible con módulos de RAM de hasta 70mm de altura; con el ventilador montado bajo las aletas la altura total del disipador es de solo 115mm. Incluye un ventilador NF-A14 de 140mm.",out of stock,new,1814.72 MXN,https://catalogo.quantum-imports.com/?sku=NH-C14S,https://catalogo.quantum-imports.com/images/noctua/nh-c14s.jpg,NOCTUA,DISIPADOR DE AIRE DE ALTO RENDIMIENTO
NH-D9L,NOCTUA  DISIPADOR DE AIRE NH-D9L,"Disipador de doble torre de perfil reducido, con solo 110mm de altura y compatible con el formato 3U, ideal para gabinetes HTPC y de formato pequeño compactos. Ofrece buen rendimiento de refrigeración silenciosa e incluye un ventilador NF-A9 de 92mm.",out of stock,new,1158.53 MXN,https://catalogo.quantum-imports.com/?sku=NH-D9L,https://catalogo.quantum-imports.com/images/noctua/nh-d9l.jpg,NOCTUA,DISIPADOR DE AIRE DE ALTO RENDIMIENTO
NH-P1,NOCTUA  DISIPADOR DE AIRE NH-P1,"Primer disipador pasivo de Noctua, diseñado desde cero para funcionar sin ventilador. Sus seis heatpipes y sus aletas gruesas y muy espaciadas permiten enfriar CPU modernos de disipación baja a moderada de forma completamente pasiva en gabinetes con buena convección natural.",in stock,new,2002.97 MXN,https://catalogo.quantum-imports.com/?sku=NH-P1,https://catalogo.quantum-imports.com/images/noctua/nh-p1.jpg,NOCTUA,DISIPADOR DE AIRE DE ALTO RENDIMIENTO
NH-L9I-17XX CH.BK,NOCTUA  DISIPADOR DE AIRE NH-L9I-17XX CH.BK,"Versión chromax.black del disipador de bajo perfil NH-L9i para sockets Intel LGA1700 (serie 17xx), con acabado totalmente negro. Mide solo 37mm de altura e incluye el ventilador NF-A9x14 de 92mm con PWM. Su huella compacta ofrece compatibilidad total con RAM y PCIe.",out of stock,new,1312.78 MXN,https://catalogo.quantum-imports.com/?sku=NH-L9I-17XX%20CH.BK,https://catalogo.quantum-imports.com/images/noctua/nh-l9i-17xx_ch_bk.jpg,NOCTUA,DISIPADOR DE AIRE DE ALTO RENDIMIENTO DE BAJO PERFIL
NH-L9i CH.BK,NOCTUA DISIPADOR DE AIRE NH-L9I CHROMAX.BLACK,"Versión chromax.black del disipador de bajo perfil NH-L9i para sockets Intel de escritorio (LGA115x/LGA1200), con acabado negro en disipador y ventilador. Mide solo 37mm de altura y usa el ventilador NF-A9x14 de 92mm con PWM, con compatibilidad total de RAM y PCIe.",out of stock,new,1146.65 MXN,https://catalogo.quantum-imports.com/?sku=NH-L9i%20CH.BK,https://catalogo.quantum-imports.com/images/noctua/nh-l9i_ch_bk.jpg,NOCTUA,DISIPADOR DE AIRE DE ALTO RENDIMIENTO DE BAJO PERFIL
NF-A12x15 FLX,NOCTUA VENTILADOR NF- A12X15 FLX,"Ventilador de 120mm y solo 15mm de grosor, diseño delgado ideal para espacios reducidos como disipadores de bajo perfil o gabinetes HTPC. Versión FLX con velocidades de 1850, 1400 y 950 rpm seleccionables mediante los adaptadores Low-Noise incluidos. Usa rodamiento SSO2 y trae 6 años de garantía.",in stock,new,408.86 MXN,https://catalogo.quantum-imports.com/?sku=NF-A12x15%20FLX,https://catalogo.quantum-imports.com/images/noctua/nf-a12x15_flx.jpg,NOCTUA,VENTILADOR
NF-A12x15PWM CH.BK.S,NOCTUA VENTILADOR NF- A12X15 PWM CHROMAX.BLACK.SWAP,"Ventilador delgado de 120x15mm en edición chromax.black.swap, con diseño totalmente negro y almohadillas antivibración intercambiables en varios colores. Control por PWM de 4 pines. Su grosor de solo 15mm lo hace ideal para disipadores de bajo perfil y aplicaciones con poco espacio.",out of stock,new,460.75 MXN,https://catalogo.quantum-imports.com/?sku=NF-A12x15PWM%20CH.BK.S,https://catalogo.quantum-imports.com/images/noctua/nf-a12x15pwm_ch_bk_s.jpg,NOCTUA,VENTILADOR
NF-A12x15 PWM,NOCTUA VENTILADOR NF-A12X15 PWM,"Ventilador de 120mm y 15mm de grosor con control PWM de 4 pines, para espacios reducidos como disipadores de bajo perfil o gabinetes HTPC. Incluye un adaptador Low-Noise que reduce la velocidad máxima de 1850 a 1400 rpm. Rodamiento SSO2 con vida útil superior a 150,000 horas y 6 años de garantía.",in stock,new,402.58 MXN,https://catalogo.quantum-imports.com/?sku=NF-A12x15%20PWM,https://catalogo.quantum-imports.com/images/noctua/nf-a12x15_pwm.jpg,NOCTUA,VENTILADOR
NF-A12x25 LS-PWM,NOCTUA VENTILADOR NF- A12X25 LS-PWM,"Ventilador de 120x25mm en versión LS-PWM (baja velocidad) con control PWM de 4 pines, pensado para configuraciones semipasivas o aplicaciones que requieren acústica casi silenciosa. Está basado en el diseño del NF-A12x25, con impulsor de polímero Sterrox y una tolerancia de punta de solo 0.5mm.",out of stock,new,572.46 MXN,https://catalogo.quantum-imports.com/?sku=NF-A12x25%20LS-PWM,https://catalogo.quantum-imports.com/images/noctua/nf-a12x25_ls-pwm.jpg,NOCTUA,VENTILADOR
NF-A12x25 ULN,NOCTUA VENTILADOR NF- A12X25 ULN,"Ventilador de 120x25mm en versión ULN (Ultra-Low-Noise) con conector de 3 pines, orientado a máxima silenciosidad. Ofrece velocidades de 1200 y 900 rpm mediante el adaptador incluido y usa el impulsor de polímero Sterrox con tolerancia de punta de 0.5mm. Rodamiento SSO2 y 6 años de garantía.",in stock,new,543.09 MXN,https://catalogo.quantum-imports.com/?sku=NF-A12x25%20ULN,https://catalogo.quantum-imports.com/images/noctua/nf-a12x25_uln.jpg,NOCTUA,VENTILADOR
NF-A12x25 PWM,NOCTUA VENTILADOR NF- A12X25 PWM,"Ventilador de 120x25mm altamente optimizado con control PWM de 4 pines, modelo insignia de Noctua con más de 100 premios de medios especializados. Integra un impulsor fabricado con el polímero de cristal líquido Sterrox y una tolerancia de punta de solo 0.5mm para máxima eficiencia. Usa rodamiento SSO2 de precisión.",out of stock,new,537.68 MXN,https://catalogo.quantum-imports.com/?sku=NF-A12x25%20PWM,https://catalogo.quantum-imports.com/images/noctua/nf-a12x25_pwm.jpg,NOCTUA,VENTILADOR
NF-A12x25PWM CH.BK.S,NOCTUA VENTILADOR NF- A12X25 PWM CHROMAX.BLACK.SWAP,"Ventilador de 120x25mm en acabado negro chromax.black.swap, idéntico en rendimiento al NF-A12x25 PWM estándar; solo cambia el color e incluye covers anti-vibración intercambiables. Control automático por PWM de 4 pines hasta 2000rpm, con Low-Noise Adaptor que limita el máximo a 1700rpm. Impulsor de polímero de cristal líquido Sterrox con holgura de punta de 0.5mm y 6 años de garantía.",in stock,new,660.15 MXN,https://catalogo.quantum-imports.com/?sku=NF-A12x25PWM%20CH.BK.S,https://catalogo.quantum-imports.com/images/noctua/nf-a12x25pwm_ch_bk_s.jpg,NOCTUA,VENTILADOR
NF-A14 FLX,NOCTUA VENTILADOR NF- A14 FLX,"Ventilador de 140x25mm con marco cuadrado AAO y patrón de montaje estándar de 140mm (124.5mm). Versión de 3 pines con velocidades de 1200/1050/900rpm mediante los Low-Noise Adaptors incluidos, para afinar entre ventilación y silencio. MTTF superior a 150,000 horas y 6 años de garantía.",out of stock,new,436.82 MXN,https://catalogo.quantum-imports.com/?sku=NF-A14%20FLX,https://catalogo.quantum-imports.com/images/noctua/nf-a14_flx.jpg,NOCTUA,VENTILADOR
NF-A14iPPC-3000 PWM,NOCTUA VENTILADOR NF- A14 INDUSTRIALPPC-3000,"Ventilador industrial de 140x25mm que gira hasta 3000rpm, el más potente de la serie de 140mm de Noctua con caudal cercano a 270 m³/h. Marco e impulsor de poliamida reforzada con fibra de vidrio (soporta hasta 140°C), protección IP52 y control PWM de 4 pines. 6 años de garantía.",out of stock,new,581.71 MXN,https://catalogo.quantum-imports.com/?sku=NF-A14iPPC-3000%20PWM,https://catalogo.quantum-imports.com/images/noctua/nf-a14ippc-3000_pwm.jpg,NOCTUA,VENTILADOR
NF-A14 PWM,NOCTUA VENTILADOR NF- A14 PWM,"Ventilador de 140x25mm con marco cuadrado AAO y montaje estándar de 140mm, ideal para radiadores de refrigeración líquida y como reemplazo premium de ventiladores de gabinete. Control automático por PWM de 4 pines hasta 1500rpm, con Low-Noise Adaptor que reduce el máximo a 1200rpm. 6 años de garantía.",out of stock,new,470.67 MXN,https://catalogo.quantum-imports.com/?sku=NF-A14%20PWM,https://catalogo.quantum-imports.com/images/noctua/nf-a14_pwm.jpg,NOCTUA,VENTILADOR
NF-A14 PWM CH.BK.S,NOCTUA VENTILADOR NF- A14 PWM CHROMAX.BLACK.SWAP,"Versión chromax.black.swap del NF-A14 PWM: mismo rendimiento que el modelo estándar, solo cambia el acabado negro e incluye pads anti-vibración intercambiables. Ventilador de 140x25mm con control PWM de 4 pines hasta 1500rpm y Low-Noise Adaptor a 1200rpm. 6 años de garantía.",in stock,new,519.34 MXN,https://catalogo.quantum-imports.com/?sku=NF-A14%20PWM%20CH.BK.S,https://catalogo.quantum-imports.com/images/noctua/nf-a14_pwm_ch_bk_s.jpg,NOCTUA,VENTILADOR
NF-A14 ULN,NOCTUA VENTILADOR NF- A14 ULN,"Ventilador de 140x25mm de la línea ULN (ultra-low-noise), con ajustes de 800/650rpm por 3 pines mediante los Low-Noise Adaptors incluidos. Consumo de apenas 0.48W para operación casi silenciosa en equipos muy sensibles al ruido. 6 años de garantía.",out of stock,new,468.53 MXN,https://catalogo.quantum-imports.com/?sku=NF-A14%20ULN,https://catalogo.quantum-imports.com/images/noctua/nf-a14_uln.jpg?v3,NOCTUA,VENTILADOR
NF-A14iPPC-2000 PWM,NOCTUA VENTILADOR NF- A14 IPPC-2000 PWM,"Ventilador industrial de 140x25mm de hasta 2000rpm con control PWM de 4 pines para regulación automática. Marco e impulsor de poliamida reforzada con fibra de vidrio, protección IP52 y rodamiento SSO2. 6 años de garantía.",out of stock,new,590.19 MXN,https://catalogo.quantum-imports.com/?sku=NF-A14iPPC-2000%20PWM,https://catalogo.quantum-imports.com/images/noctua/nf-a14ippc-2000_pwm.jpg,NOCTUA,VENTILADOR
NF-A14X25 G2 PWM,NOCTUA VENTILADOR A14X25 G2 PWM,"Ventilador de 140x25mm de segunda generación (G2) con marco cuadrado, regulable por PWM desde 1500rpm hasta 300rpm; incluye Low-Noise Adaptor que baja el máximo a 1250rpm. Impulsor de holgura de punta reducida y motor etaPERF de bajas pérdidas para trabajar contra contrapresión. 6 años de garantía.",in stock,new,786.52 MXN,https://catalogo.quantum-imports.com/?sku=NF-A14X25%20G2%20PWM,https://catalogo.quantum-imports.com/images/noctua/nf-a14x25_g2_pwm.jpg,NOCTUA,VENTILADOR
NF-A14X25 G2 PWM SX2-PP,NOCTUA VENTILADOR A14X25 G2 PWM Sx2 PP,"Paquete de dos ventiladores NF-A14x25 G2 PWM de marco cuadrado (140x25mm), con velocidad desfasada aproximadamente +/-25rpm entre sí para evitar interferencias armónicas en configuraciones push-pull o instalaciones lado a lado, como radiadores de 280mm. Ambos regulables por PWM de 1500 a 300rpm. 6 años de garantía.",in stock,new,1480.71 MXN,https://catalogo.quantum-imports.com/?sku=NF-A14X25%20G2%20PWM%20SX2-PP,https://catalogo.quantum-imports.com/images/noctua/nf-a14x25_g2_pwm_sx2-pp.jpg,NOCTUA,VENTILADOR
NF-A14X25r G2 PWM,NOCTUA VENTILADOR A14X25R G2 PWM,"Ventilador de 140x25mm de segunda generación (G2) con marco redondo, regulable por PWM desde 1500rpm hasta 300rpm y Low-Noise Adaptor a 1250rpm. Impulsor Progressive Bend con holgura de punta de solo 0.7mm y motor etaPERF de bajas pérdidas. 6 años de garantía.",in stock,new,931.78 MXN,https://catalogo.quantum-imports.com/?sku=NF-A14X25r%20G2%20PWM,https://catalogo.quantum-imports.com/images/noctua/nf-a14x25r_g2_pwm.jpg,NOCTUA,VENTILADOR
NF-A14X25r G2 PWM SX2-PP,NOCTUA VENTILADOR A14X25R G2  Sx2 PP,"Paquete de dos ventiladores NF-A14x25r G2 PWM de marco redondo (140x25mm), con velocidad desfasada aproximadamente +/-25rpm para configuraciones push-pull o montaje lado a lado. Ambos regulables por PWM de 1500 a 300rpm. 6 años de garantía.",in stock,new,1750.39 MXN,https://catalogo.quantum-imports.com/?sku=NF-A14X25r%20G2%20PWM%20SX2-PP,https://catalogo.quantum-imports.com/images/noctua/nf-a14x25r_g2_pwm_sx2-pp.jpg?v3,NOCTUA,VENTILADOR
NF-A14x25r G2 PWM CH.BK,NOCTUA VENTILADOR NF-A14x25r G2 PWM CH.BK,"Versión chromax.black del NF-A14x25r G2 PWM (marco redondo): mismo rendimiento que el estándar, solo cambia el acabado totalmente negro. Ventilador de 140x25mm regulable por PWM de 1500 a 300rpm con Low-Noise Adaptor a 1250rpm. 6 años de garantía.",in stock,new,964.59 MXN,https://catalogo.quantum-imports.com/?sku=NF-A14x25r%20G2%20PWM%20CH.BK,https://catalogo.quantum-imports.com/images/noctua/NF-A14x25r_G2_PWM_CH_BK.jpg,NOCTUA,VENTILADOR
NF-A14x25r G2 PWM Sx2-PP CH.BK,NOCTUA VENTILADOR NF-A14x25r G2 PWM Sx2-PP CH.BK,"Paquete push-pull de dos ventiladores NF-A14x25r G2 PWM de marco redondo en acabado chromax.black; mismo rendimiento que la versión estándar, solo cambia el color negro. Velocidad desfasada entre ambos, regulables por PWM de 1500 a 300rpm. 6 años de garantía.",in stock,new,1708.39 MXN,https://catalogo.quantum-imports.com/?sku=NF-A14x25r%20G2%20PWM%20Sx2-PP%20CH.BK,https://catalogo.quantum-imports.com/images/noctua/NF-A14x25r_G2_PWM_Sx2-PP_CH_BK.jpg?v3,NOCTUA,VENTILADOR
NF-A14x25 G2 PWM CH.BK,NOCTUA VENTILADOR NF-A14x25 G2 PWM CH.BK,"Versión chromax.black del NF-A14x25 G2 PWM (marco cuadrado): idéntico rendimiento al estándar, solo cambia el acabado negro. Ventilador de 140x25mm regulable por PWM de 1500 a 300rpm con Low-Noise Adaptor a 1250rpm. 6 años de garantía.",out of stock,new,964.59 MXN,https://catalogo.quantum-imports.com/?sku=NF-A14x25%20G2%20PWM%20CH.BK,https://catalogo.quantum-imports.com/images/noctua/NF-A14x25_G2_PWM_CH_BK.jpg,NOCTUA,VENTILADOR
NF-A14x25 G2 PWM Sx2-PP CH.BK,NOCTUA VENTILADOR NF-A14x25 G2 PWM Sx2-PP CH.BK,"Paquete push-pull de dos ventiladores NF-A14x25 G2 PWM de marco cuadrado en acabado chromax.black; mismo rendimiento que la versión estándar, solo cambia el color negro. Velocidad desfasada entre ambos, regulables por PWM de 1500 a 300rpm. 6 años de garantía.",out of stock,new,1708.39 MXN,https://catalogo.quantum-imports.com/?sku=NF-A14x25%20G2%20PWM%20Sx2-PP%20CH.BK,https://catalogo.quantum-imports.com/images/noctua/NF-A14x25_G2_PWM_Sx2-PP_CH_BK.jpg,NOCTUA,VENTILADOR
NF-A15 PWM,NOCTUA VENTILADOR NF- A15 PWM,"Ventilador de 140mm en marco ampliado a 150mm de ancho, con montaje de 120mm (105mm de separación), pensado para disipadores de CPU de gama alta. Control PWM hasta 1200rpm con Low-Noise Adaptor a 900rpm y consumo de solo 0.96W. 6 años de garantía.",out of stock,new,435.25 MXN,https://catalogo.quantum-imports.com/?sku=NF-A15%20PWM,https://catalogo.quantum-imports.com/images/noctua/nf-a15_pwm.jpg,NOCTUA,VENTILADOR
NF-A15 PWM CH.BK.S,NOCTUA VENTILADOR NF- A15 HS-PWM CHROMAX.BLACK.SWAP,"Versión chromax.black.swap del NF-A15 (comercializada como NF-A15 HS-PWM chromax.black.swap): mismo rendimiento que el estándar, solo cambia el acabado negro con pads anti-vibración intercambiables. Ventilador de 140mm en marco de 150mm con montaje de 120mm, control PWM hasta 1200rpm y Low-Noise Adaptor a 900rpm. 6 años de garantía.",out of stock,new,519.61 MXN,https://catalogo.quantum-imports.com/?sku=NF-A15%20PWM%20CH.BK.S,https://catalogo.quantum-imports.com/images/noctua/nf-a15_pwm_ch_bk_s.jpg,NOCTUA,VENTILADOR
NF-A20 PWM,NOCTUA VENTILADOR NF- A20 PWM,"Ventilador de 200mm y 30mm de grosor con marco AAO, regulable por PWM hasta 800rpm y Low-Noise Adaptor que reduce el máximo a 550rpm. Tres patrones de montaje (154x154mm, 110x180mm y 170x170mm) para reemplazar ventiladores de 200, 230 y 250mm. 6 años de garantía.",out of stock,new,547.48 MXN,https://catalogo.quantum-imports.com/?sku=NF-A20%20PWM,https://catalogo.quantum-imports.com/images/noctua/nf-a20_pwm.jpg,NOCTUA,VENTILADOR
NF-A20 PWM CH.BK.S,NOCTUA VENTILADOR NF- A20 PWM CH.BK.S,"Versión chromax.black.swap del NF-A20 PWM: mismo rendimiento que el estándar, solo cambia el acabado negro con pads intercambiables. Ventilador de 200mm y 30mm de grosor, PWM hasta 800rpm con Low-Noise Adaptor a 550rpm y tres patrones de montaje. 6 años de garantía.",in stock,new,668.02 MXN,https://catalogo.quantum-imports.com/?sku=NF-A20%20PWM%20CH.BK.S,https://catalogo.quantum-imports.com/images/noctua/nf-a20_pwm_ch_bk_s.jpg,NOCTUA,VENTILADOR
NF-A4x10 5V PWM,NOCTUA VENTILADOR NF- A4X10 5V PWM,"Ventilador delgado de 40x10mm en versión de 5V con control PWM, cableado modular y adaptador OmniJoin. Incluye cable adaptador USB para alimentarlo desde power banks, puertos USB o fuentes USB. Rodamiento SSO2 y 6 años de garantía.",out of stock,new,299.79 MXN,https://catalogo.quantum-imports.com/?sku=NF-A4x10%205V%20PWM,https://catalogo.quantum-imports.com/images/noctua/nf-a4x10_5v_pwm.jpg?v3,NOCTUA,VENTILADOR
NF-A4X10 FLX,NOCTUA VENTILADOR NF- A4X10 FLX,"Ventilador delgado de 40x10mm en versión de 3 pines (FLX), con velocidad máxima de 4500rpm y Low-Noise Adaptor que la reduce a 3700rpm. Rodamiento SSO2, MTTF superior a 150,000 horas y 6 años de garantía.",in stock,new,314.09 MXN,https://catalogo.quantum-imports.com/?sku=NF-A4X10%20FLX,https://catalogo.quantum-imports.com/images/noctua/nf-a4x10_flx.jpg,NOCTUA,VENTILADOR
NF-F12iPPC-3000 PWM,NOCTUA VENTILADOR NF- F12 INDUSTRIALPPC-3000 PWM,"Ventilador industrial de 120x25mm que gira hasta 3000rpm con caudal cercano a 186.7 m³/h, el 120mm más potente de Noctua. Sistema Focused Flow, marco e impulsor de poliamida reforzada con fibra de vidrio, protección IP52 y control PWM. 6 años de garantía.",in stock,new,551.40 MXN,https://catalogo.quantum-imports.com/?sku=NF-F12iPPC-3000%20PWM,https://catalogo.quantum-imports.com/images/noctua/nf-f12ippc-3000_pwm.jpg,NOCTUA,VENTILADOR
NF-F12 PWM CH.BK.S,NOCTUA VENTILADOR NF-F12 PWM CHROMAX.BLACK.SWAP,"Versión chromax.black.swap del NF-F12 PWM: mismo rendimiento que el estándar, solo cambia el acabado negro con pads intercambiables. Ventilador de 120x25mm con sistema Focused Flow, PWM de 4 pines hasta 1500rpm y Low-Noise Adaptor a 1200rpm. 6 años de garantía.",in stock,new,471.85 MXN,https://catalogo.quantum-imports.com/?sku=NF-F12%20PWM%20CH.BK.S,https://catalogo.quantum-imports.com/images/noctua/nf-f12_pwm_ch_bk_s.jpg,NOCTUA,VENTILADOR
NF-F12-PWM,NOCTUA VENTILADOR NF- F12 PWM,Ventilador de 120x25mm con sistema Focused Flow (11 álabes guía y 7 aspas) para alta presión estática en disipadores y radiadores. Control PWM de 4 pines hasta 1500rpm con Low-Noise Adaptor a 1200rpm y consumo de solo 0.6W. 6 años de garantía.,out of stock,new,426.18 MXN,https://catalogo.quantum-imports.com/?sku=NF-F12-PWM,https://catalogo.quantum-imports.com/images/noctua/nf-f12-pwm.jpg,NOCTUA,VENTILADOR
NF-F12iPPC-2000 PWM,NOCTUA VENTILADOR NF- F12IPPC-2000 PWM,"Ventilador industrial de 120x25mm de hasta 2000rpm con control PWM para regulación automática. Sistema Focused Flow, marco e impulsor de poliamida reforzada con fibra de vidrio y protección IP52. 6 años de garantía.",in stock,new,502.85 MXN,https://catalogo.quantum-imports.com/?sku=NF-F12iPPC-2000%20PWM,https://catalogo.quantum-imports.com/images/noctua/nf-f12ippc-2000_pwm.jpg,NOCTUA,VENTILADOR
NF-P12 redux-1300,NOCTUA VENTILADOR NF- P12 REDUX-1300,"Ventilador de 120x25mm de la línea redux, versión de 3 pines a 1300rpm, ideal para ventilación de gabinete con balance entre rendimiento y silencio. Impulsor de nueve aspas para aplicaciones de alta impedancia, rodamiento SSO y 6 años de garantía.",out of stock,new,305.17 MXN,https://catalogo.quantum-imports.com/?sku=NF-P12%20redux-1300,https://catalogo.quantum-imports.com/images/noctua/nf-p12_redux-1300.jpg,NOCTUA,VENTILADOR
NF-P12 redux-1700P,NOCTUA VENTILADOR NF- P12 REDUX 1700 PWM,"Ventilador de 120x25mm de la línea redux, versión PWM a 1700rpm para enfriamiento de alto rendimiento en gabinete, radiador y CPU. Impulsor de nueve aspas para alta impedancia, IC NE-FD1 para control automático y 6 años de garantía.",in stock,new,304.19 MXN,https://catalogo.quantum-imports.com/?sku=NF-P12%20redux-1700P,https://catalogo.quantum-imports.com/images/noctua/nf-p12_redux-1700p.jpg,NOCTUA,VENTILADOR
NF-P12 redux-900,NOCTUA VENTILADOR NF- P12 REDUX-900,"Ventilador de 120x25mm de la línea redux, versión de 3 pines a 900rpm para operación casi silenciosa. Impulsor de nueve aspas de alta impedancia, rodamiento SSO y 6 años de garantía.",out of stock,new,310.78 MXN,https://catalogo.quantum-imports.com/?sku=NF-P12%20redux-900,https://catalogo.quantum-imports.com/images/noctua/nf-p12_redux-900.jpg,NOCTUA,VENTILADOR
NF-P14s redux-1200P,NOCTUA VENTILADOR NF-P14S REDUX-1200 PWM,"Ventilador de 140x25mm de la línea redux con marco cuadrado y montaje estándar de 140mm (124.5mm), versión PWM a 1200rpm con IC NE-FD1 para control automático. Impulsor de nueve aspas para alta impedancia y 6 años de garantía.",out of stock,new,308.19 MXN,https://catalogo.quantum-imports.com/?sku=NF-P14s%20redux-1200P,https://catalogo.quantum-imports.com/images/noctua/nf-p14s_redux-1200p.jpg?v3,NOCTUA,VENTILADOR
NF-P14s redux-1500P,NOCTUA VENTILADOR NF- P14S REDUX-1500 PWM,"Ventilador de 140x25mm de la línea redux con marco cuadrado y montaje de 140mm, versión PWM a 1500rpm para enfriamiento de alto rendimiento en gabinete, radiador y CPU. Impulsor de nueve aspas de alta impedancia y 6 años de garantía.",in stock,new,341.56 MXN,https://catalogo.quantum-imports.com/?sku=NF-P14s%20redux-1500P,https://catalogo.quantum-imports.com/images/noctua/nf-p14s_redux-1500p.jpg,NOCTUA,VENTILADOR
NF-P14s redux-900,NOCTUA VENTILADOR NF- P14S REDUX-900,"Ventilador de 140x25mm de la línea redux con marco cuadrado y montaje de 140mm, versión de 3 pines a 900rpm para operación casi silenciosa. Impulsor de nueve aspas de alta impedancia y 6 años de garantía.",out of stock,new,317.39 MXN,https://catalogo.quantum-imports.com/?sku=NF-P14s%20redux-900,https://catalogo.quantum-imports.com/images/noctua/nf-p14s_redux-900.jpg,NOCTUA,VENTILADOR
NF-S12A FLX,NOCTUA VENTILADOR NF- S12 A FLX,"Ventilador de 120x25mm de la serie S12 (tercera generación) con marco AAO y Anti-Stall Knobs, orientado a ventilación de gabinete de baja impedancia. Versión de 3 pines con ajustes de 1200/900/700rpm mediante los Low-Noise Adaptors incluidos. Rodamiento SSO2 y 6 años de garantía.",in stock,new,399.05 MXN,https://catalogo.quantum-imports.com/?sku=NF-S12A%20FLX,https://catalogo.quantum-imports.com/images/noctua/nf-s12a_flx.jpg,NOCTUA,VENTILADOR
NF-S12A PWM,NOCTUA VENTILADOR NF- S12A PWM,"Ventilador de 120x25mm de la serie S12 (tercera generación) con marco AAO y Anti-Stall Knobs para ventilación de gabinete. Control PWM de 4 pines hasta 1200rpm con Low-Noise Adaptor a 900rpm, IC NE-FD1 y rodamiento SSO2. 6 años de garantía.",in stock,new,449.05 MXN,https://catalogo.quantum-imports.com/?sku=NF-S12A%20PWM,https://catalogo.quantum-imports.com/images/noctua/nf-s12a_pwm.jpg,NOCTUA,VENTILADOR
NF-S12A PWM CH.BK.S,NOCTUA VENTILADOR NF- S12A PWM CHROMAX.BLACK.SWAP,"Versión chromax.black.swap del NF-S12A PWM: mismo rendimiento que el estándar, solo cambia el acabado negro con pads intercambiables. Ventilador de 120x25mm para gabinete, PWM de 4 pines hasta 1200rpm con Low-Noise Adaptor a 900rpm. 6 años de garantía.",in stock,new,448.12 MXN,https://catalogo.quantum-imports.com/?sku=NF-S12A%20PWM%20CH.BK.S,https://catalogo.quantum-imports.com/images/noctua/nf-s12a_pwm_ch_bk_s.jpg,NOCTUA,VENTILADOR
NF-S12B redux-1200,NOCTUA VENTILADOR NF- S12B REDUX-1200,"Ventilador de 120x25mm de la línea redux basado en el NF-S12B, diseñado para ventilación de gabinete de baja impedancia. Versión de 3 pines a 1200rpm, rodamiento SSO y 6 años de garantía.",in stock,new,283.22 MXN,https://catalogo.quantum-imports.com/?sku=NF-S12B%20redux-1200,https://catalogo.quantum-imports.com/images/noctua/nf-s12b_redux-1200.jpg,NOCTUA,VENTILADOR
NF-S12B redux-1200P,NOCTUA VENTILADOR NF- S12B REDUX-1200 PWM,"Ventilador de 120x25mm de la línea redux basado en el NF-S12B, para ventilación de gabinete de baja impedancia. Versión PWM a 1200rpm con IC NE-FD1 para control automático, rodamiento SSO y 6 años de garantía.",in stock,new,329.47 MXN,https://catalogo.quantum-imports.com/?sku=NF-S12B%20redux-1200P,https://catalogo.quantum-imports.com/images/noctua/nf-s12b_redux-1200p.jpg,NOCTUA,VENTILADOR
NA-FK1 REDUX,NOCTUA VENTILADOR NA-FK1 REDUX PWM,"Kit de segundo ventilador para el disipador NH-U12S redux. Incluye un ventilador NF-P12 redux-1700 PWM, cuatro pads anti-vibración NA-AVP2, un par de clips de montaje, cable divisor PWM NA-YC1 de 4 pines y dos Low-Noise Adaptors, para convertirlo en configuración push-pull y mejorar el enfriamiento entre 1 y 3°C. 6 años de garantía.",out of stock,new,352.77 MXN,https://catalogo.quantum-imports.com/?sku=NA-FK1%20REDUX,https://catalogo.quantum-imports.com/images/noctua/na-fk1_redux.jpg,NOCTUA,VENTILADOR
NF-A4x20 PWM,NOCTUA VENTILADOR NF- A4X20 PWM,"Ventilador de 40x20mm con marco AAO, el doble de grueso que el NF-A4x10 para mayor presión estática en aplicaciones de alta resistencia al flujo. Control PWM de 4 pines hasta 5000rpm con Low-Noise Adaptor a 4400rpm y adaptador OmniJoin. Rodamiento SSO2 y 6 años de garantía.",out of stock,new,326.26 MXN,https://catalogo.quantum-imports.com/?sku=NF-A4x20%20PWM,https://catalogo.quantum-imports.com/images/noctua/nf-a4x20_pwm.jpg,NOCTUA,VENTILADOR
NF-A6X25 PWM,NOCTUA VENTILADOR NF- A6X25 PWM,Ventilador de 60x25mm con marco AAO y Flow Acceleration Channels. Control PWM de 4 pines hasta 3000rpm con Low-Noise Adaptor que lo reduce a 2100rpm. Rodamiento SSO2 y 6 años de garantía.,out of stock,new,286.82 MXN,https://catalogo.quantum-imports.com/?sku=NF-A6X25%20PWM,https://catalogo.quantum-imports.com/images/noctua/nf-a6x25_pwm.jpg,NOCTUA,VENTILADOR
NF-A6X25 FXL,NOCTUA VENTILADOR NF- A6X25 FLX,Ventilador de 60x25mm en versión de 3 pines (FLX) con marco AAO. Incluye Low-Noise Adaptors para regular la velocidad máxima de 3000rpm a 2400 o 1600rpm. Rodamiento SSO2 y 6 años de garantía.,out of stock,new,289.06 MXN,https://catalogo.quantum-imports.com/?sku=NF-A6X25%20FXL,https://catalogo.quantum-imports.com/images/noctua/nf-a6x25_fxl.jpg,NOCTUA,VENTILADOR
NF-A8 PWM,NOCTUA VENTILADOR NF- A8 PWM,Ventilador de 80x25mm con marco AAO y Flow Acceleration Channels. Control PWM de 4 pines hasta 2200rpm con Low-Noise Adaptor que lo reduce a 1750rpm. Rodamiento SSO2 y 6 años de garantía.,out of stock,new,326.22 MXN,https://catalogo.quantum-imports.com/?sku=NF-A8%20PWM,https://catalogo.quantum-imports.com/images/noctua/nf-a8_pwm.jpg,NOCTUA,VENTILADOR
NF-A8 ULN,NOCTUA VENTILADOR NF- A8 ULN,"Ventilador de 80x25mm de la línea ULN (ultra-low-noise), el modelo más silencioso de 80mm de Noctua, pensado para equipos y aplicaciones muy sensibles al ruido. Marco AAO, rodamiento SSO2 y 6 años de garantía.",out of stock,new,335.67 MXN,https://catalogo.quantum-imports.com/?sku=NF-A8%20ULN,https://catalogo.quantum-imports.com/images/noctua/nf-a8_uln.jpg,NOCTUA,VENTILADOR
NF-A9 PWM,NOCTUA VENTILADOR NF- A9 PWM,"Ventilador de 92x25mm con marco AAO y Flow Acceleration Channels. Control PWM de 4 pines hasta 2000rpm con Low-Noise Adaptor que lo reduce a 1550rpm. IC NE-FD1, rodamiento SSO2 y 6 años de garantía.",out of stock,new,354.15 MXN,https://catalogo.quantum-imports.com/?sku=NF-A9%20PWM,https://catalogo.quantum-imports.com/images/noctua/nf-a9_pwm.jpg,NOCTUA,VENTILADOR
NF-R8 redux-1800,NOCTUA VENTILADOR NF- R8 REDUX-1800,"Ventilador de 80x25mm de la línea redux basado en el NF-R8, versión de 3 pines a 1800rpm. Rodamiento SSO y 6 años de garantía.",out of stock,new,268.00 MXN,https://catalogo.quantum-imports.com/?sku=NF-R8%20redux-1800,https://catalogo.quantum-imports.com/images/noctua/nf-r8_redux-1800.jpg,NOCTUA,VENTILADOR
NF-A9X14,NOCTUA VENTILADOR NF- A9X14 PWM,"Ventilador delgado de 92x14mm, mucho más fino que un 92x25mm estándar, ideal para disipadores de perfil bajo y equipos compactos como HTPC o servidores. Control PWM de 4 pines para regulación automática, rodamiento SSO2 y 6 años de garantía.",out of stock,new,363.55 MXN,https://catalogo.quantum-imports.com/?sku=NF-A9X14,https://catalogo.quantum-imports.com/images/noctua/nf-a9x14.jpg,NOCTUA,VENTILADOR
NF-B9 redux-1600,NOCTUA VENTILADOR NF- B9 REDUX-1600,"Ventilador de 92mm de la línea redux con conector de 3 pines y velocidad máxima de 1600 rpm, pensado para ventilación de gabinete con buen equilibrio entre flujo de aire y silencio. Usa rodamiento SSO-Bearing de grado industrial con más de 150,000 horas de MTTF e incorpora las muescas Vortex-Control que reducen el ruido en el borde de las aspas. Incluye 6 años de garantía del fabricante.",in stock,new,283.38 MXN,https://catalogo.quantum-imports.com/?sku=NF-B9%20redux-1600,https://catalogo.quantum-imports.com/images/noctua/nf-b9_redux-1600.jpg?v3,NOCTUA,VENTILADOR
NA-SYC1,NOCTUA CABLE PARA VENTILADOR SPLITTER NA-SYC1,"Set de dos cables Y NA-YC1 completamente enfundados para ventiladores PWM de 4 pines, que permiten conectar dos ventiladores a un solo header de la placa madre manteniendo el control de velocidad. Varios NA-YC1 se pueden encadenar para gobernar más de dos ventiladores desde un mismo header. Los conectores de 4 pines son compatibles con ventiladores de 3 y 4 pines, aunque el control PWM solo funciona con los de 4 pines.",in stock,new,190.54 MXN,https://catalogo.quantum-imports.com/?sku=NA-SYC1,https://catalogo.quantum-imports.com/images/noctua/na-syc1.jpg,NOCTUA,KIT DE CABLES SPLITTER PARA VENTILADORES
NA-SEC1 CH.BK,NOCTUA 4 CABLES DE EXTENSION NA-SEC1 CH.BK,"Set de cuatro cables de extensión NA-EC1 de 30 cm en acabado chromax.black, con conector de 4 pines compatible con ventiladores de 3 y 4 pines. Se pueden encadenar cuando se necesita más de 30 cm de alcance en gabinetes grandes. El acabado negro combina con los ventiladores de la línea chromax sin diferencia de desempeño respecto al cable estándar.",in stock,new,164.83 MXN,https://catalogo.quantum-imports.com/?sku=NA-SEC1%20CH.BK,https://catalogo.quantum-imports.com/images/noctua/na-sec1_ch_bk.jpg,NOCTUA,KIT DE CABLES DE EXTENSION PARA VENTILADORES
NA-SEC1 CH.RD,NOCTUA 4 CABLES DE EXTENSION ROJO  NA-SEC1 CH.BK,"Set de cuatro cables de extensión NA-EC1 de 30 cm en acabado chromax.red, con conector de 4 pines compatible con ventiladores de 3 y 4 pines. Se pueden encadenar para ampliar el alcance en gabinetes grandes. El acabado rojo aporta acentos de color a builds coordinados sin alterar el desempeño respecto al cable estándar.",out of stock,new,190.76 MXN,https://catalogo.quantum-imports.com/?sku=NA-SEC1%20CH.RD,https://catalogo.quantum-imports.com/images/noctua/na-sec1_ch_rd.jpg,NOCTUA,KIT DE CABLES DE EXTENSION PARA VENTILADORES
NA-FH1,NOCTUA CABLE PARA VENTILADOR SPLITTER NA-FH1,"Hub PWM de 8 canales para conectar y controlar hasta ocho ventiladores desde un solo header PWM de la placa madre o un controlador como el NA-FC1. Soporta ventiladores de 12V y 5V con conectores PWM de 4 pines y de 3 pines, se alimenta por SATA (hasta 54W) o por el conector PWM (hasta 24W) con fusible reactivable contra sobrecorriente, y se fija con cuatro imanes de neodimio. Incluye LEDs de estado por puerto y 6 años de garantía.",out of stock,new,538.56 MXN,https://catalogo.quantum-imports.com/?sku=NA-FH1,https://catalogo.quantum-imports.com/images/noctua/na-fh1.jpg,NOCTUA,KIT DE CABLES DE EXTENSION PARA VENTILADORES
NA-FC1,NOCTUA CONTROLADOR DE VENTILADORES NA-FC1,"Controlador compacto para ventiladores PWM de 4 pines que funciona de forma autónoma o en conjunto con el control automático de la placa madre. Con la perilla se ajusta el ciclo PWM de 0 a 100% y el botón activa el modo 'no stop', que evita que el ventilador baje de 300 rpm. Con el cable divisor de 3 vías y el adaptador de alimentación incluidos controla hasta 3 ventiladores. Garantía de 6 años.",in stock,new,464.19 MXN,https://catalogo.quantum-imports.com/?sku=NA-FC1,https://catalogo.quantum-imports.com/images/noctua/na-fc1.jpg,NOCTUA,CONTROLADOR DE VENTILADORES HASTA 3 VENTILADORES
NA-SAVP1-GREY,NOCTUA PADS ANTI-VIBRACION GRISES NA-SAVP1-GREY,"Set de 16 pads antivibración NA-AVP1 en gris chromax para hasta dos ventiladores de 120/140mm. Fabricados en silicona extra suave, reducen la transmisión de vibraciones mínimas y los ruidos por resonancia hacia el gabinete, cooler o radiador. Mantienen compatibilidad con los tornillos estándar de ventilador.",out of stock,new,167.90 MXN,https://catalogo.quantum-imports.com/?sku=NA-SAVP1-GREY,https://catalogo.quantum-imports.com/images/noctua/na-savp1-grey.jpg?v3,NOCTUA,PADS ANTI-VIBRACION PARA ESQUINAS DE VENTILADORES
NA-SAV2-BLACK,NOCTUA PADS ANTI-VIBRACION NEGRAS NA-SAV2 CH.BK,Set de 20 soportes antivibración NA-AV2 en chromax.black para hasta cinco ventiladores. Reemplazan los tornillos estándar y desacoplan el ventilador del gabinete para reducir los ruidos estructurales. Su diseño de doble lado facilita la instalación en espacios reducidos y usa silicona premium extra suave y resistente al desgarre.,out of stock,new,153.65 MXN,https://catalogo.quantum-imports.com/?sku=NA-SAV2-BLACK,https://catalogo.quantum-imports.com/images/noctua/na-sav2-black.jpg,NOCTUA,PADS ANTI-VIBRACION PARA ESQUINAS DE VENTILADORES
NA-SAV2-RED,NOCTUA PADS ANTI-VIBRACION ROJO NA-SAVP1-ROJO,"Set de 20 soportes antivibración NA-AV2 en chromax.red para hasta cinco ventiladores. Reemplazan los tornillos estándar y desacoplan el ventilador del gabinete para reducir los ruidos estructurales, con diseño de doble lado que facilita el montaje en espacios difíciles de alcanzar. Aporta acentos rojos a builds coordinados con silicona premium extra suave y resistente al desgarre.",out of stock,new,167.90 MXN,https://catalogo.quantum-imports.com/?sku=NA-SAV2-RED,https://catalogo.quantum-imports.com/images/noctua/na-sav2-red.jpg,NOCTUA,PADS ANTI-VIBRACION PARA ESQUINAS DE VENTILADORES
NA-SAVP1-WHITE,NOCTUA PADS ANTI-VIBRACION BLANCO NA-SAVP1-BLANCO,"Set de 16 pads antivibración NA-AVP1 en blanco chromax para hasta dos ventiladores de 120/140mm. De silicona extra suave, reducen la transmisión de vibraciones y los ruidos por resonancia hacia el gabinete, cooler o radiador. Compatibles con los tornillos estándar de ventilador.",out of stock,new,167.90 MXN,https://catalogo.quantum-imports.com/?sku=NA-SAVP1-WHITE,https://catalogo.quantum-imports.com/images/noctua/na-savp1-white.jpg?v3,NOCTUA,PADS ANTI-VIBRACION PARA ESQUINAS DE VENTILADORES
NA-SAVG2,NOCTUA PADS ANTI-VIBRACION NA-SAVG2,Set de tres juntas antivibración NA-AVG2 para montar ventiladores Noctua de 140x25mm sobre radiadores de refrigeración líquida. La silicona extra suave y resistente al desgarre amortigua vibraciones mínimas y reduce la fuga de aire entre el ventilador y el radiador. Compatible con tornillos estándar de ventilador y radiador y con los soportes antivibración NA-AV1/AV2/AV3/AV4.,in stock,new,167.90 MXN,https://catalogo.quantum-imports.com/?sku=NA-SAVG2,https://catalogo.quantum-imports.com/images/noctua/na-savg2.jpg,NOCTUA,PADS ANTI-VIBRACION PARA ESQUINAS DE VENTILADORES
NA-SAVG2 CH.BK,NOCTUA PADS ANTI-VIBRACION NA-SAVG2 CH.BK,"Set de tres juntas antivibración NA-AVG2 en chromax.black para ventiladores negros Noctua de 140x25mm sobre radiadores de refrigeración líquida. Amortiguan vibraciones y reducen la fuga de aire entre ventilador y radiador. Misma silicona extra suave y resistente al desgarre, con acabado negro para builds oscuros.",out of stock,new,167.90 MXN,https://catalogo.quantum-imports.com/?sku=NA-SAVG2%20CH.BK,https://catalogo.quantum-imports.com/images/noctua/na-savg2_ch_bk.jpg,NOCTUA,PADS ANTI-VIBRACION PARA ESQUINAS DE VENTILADORES
NA-HC4 CH.WT,NOCTUA CUBIERTA PARA DISIPADOR NEGRA NA-HC4 CH.WT,"Cubierta para disipador NA-HC4 en chromax.white, accesorio para los coolers NH-D15, NH-D15S y NH-D15 SE-AM4. Fabricada en aluminio de 1mm con recubrimiento en polvo resistente a rayones; se instala con una pieza de fijación y un clip de acero, y se desliza hasta que los imanes encajan, sin retirar el cooler ni el ventilador. Aumenta la altura del disipador 5mm (de 160 a 165mm) y el ancho 3mm (de 150 a 153mm).",in stock,new,543.68 MXN,https://catalogo.quantum-imports.com/?sku=NA-HC4%20CH.WT,https://catalogo.quantum-imports.com/images/noctua/na-hc4_ch_wt.jpg?v3,NOCTUA,CUBIERTA PARA DISIPADOR
NA-HC3 CH.BK.S,NOCTUA CUBIERTA PARA DISIPADOR NEGRA NA-HC3 CH.BK.S,"Cubierta para disipador NA-HC3 chromax.black.swap para los coolers NH-D15, NH-D15S y NH-D15 SE-AM4. De aluminio con recubrimiento negro en polvo e incluye inserciones intercambiables en negro, blanco, rojo, azul, verde y amarillo para coordinar el color del cooler. Aumenta la altura del disipador 5mm (de 160 a 165mm) y el ancho 3mm (de 150 a 153mm).",in stock,new,585.56 MXN,https://catalogo.quantum-imports.com/?sku=NA-HC3%20CH.BK.S,https://catalogo.quantum-imports.com/images/noctua/na-hc3_ch_bk_s.jpg,NOCTUA,CUBIERTA PARA DISIPADOR
NM-i17xx-MP83 CH.BK,NOCTUA KIT DE MONTAJE NM-I17XX-MP83 CH.BK,"Kit de montaje de actualización SecuFirm2 en acabado chromax.black para coolers Noctua con paso de montaje de 83mm, que permite instalarlos en los sockets Intel LGA1700 y LGA1851. Solo es compatible con disipadores de paso de 83mm; para los de 78mm se usa la versión MP78.",in stock,new,166.22 MXN,https://catalogo.quantum-imports.com/?sku=NM-i17xx-MP83%20CH.BK,https://catalogo.quantum-imports.com/images/noctua/nm-i17xx-mp83_ch_bk.jpg,NOCTUA,KITS DE MONTAJE (BRACKETS) DE ACTUALIZACION LGA1700
NM-i17xx-MP78 CH.BK,NOCTUA KIT DE MONTAJE NM-I17XX-MP78 CH.BK,"Kit de montaje de actualización SecuFirm2 en acabado chromax.black para coolers Noctua con paso de montaje de 78mm, que permite instalarlos en los sockets Intel LGA1700 y LGA1851. Debe usarse en disipadores de paso de 78mm; para los de 83mm corresponde la versión MP83.",in stock,new,179.99 MXN,https://catalogo.quantum-imports.com/?sku=NM-i17xx-MP78%20CH.BK,https://catalogo.quantum-imports.com/images/noctua/nm-i17xx-mp78_ch_bk.jpg,NOCTUA,KITS DE MONTAJE (BRACKETS) DE ACTUALIZACION LGA1700
NM-AM5/4-MP83,NOCTUAKIT DE MONTAJE (NM-AM5/4-MP83),"Kit de montaje de actualización SecuFirm2 para coolers Noctua con paso de montaje de 83mm, que permite instalarlos en las plataformas AMD AM5 y AM4. Usa resortes de acero de alta calidad para lograr la presión de contacto correcta sin adivinar cuánto apretar y se instala sobre el backplate original de AMD de la placa madre.",out of stock,new,304.63 MXN,https://catalogo.quantum-imports.com/?sku=NM-AM5/4-MP83,https://catalogo.quantum-imports.com/images/noctua/nm-am5-4-mp83.jpg,NOCTUA,KITS DE MONTAJE (BRACKETS) DE ACTUALIZACION AM4/AM5
NM-AM5/4-MP83 CH.BK,NOCTUA KIT DE MONTAJE (NM-AM5/4-MP83 CHROMAX.BLACK),"Kit de montaje de actualización SecuFirm2 en acabado chromax.black para coolers Noctua con paso de montaje de 83mm, para instalarlos en las plataformas AMD AM5 y AM4. Usa resortes de acero de alta calidad para una presión de contacto uniforme y se monta sobre el backplate original de AMD. Acabado negro sin diferencia de desempeño respecto al estándar.",out of stock,new,325.55 MXN,https://catalogo.quantum-imports.com/?sku=NM-AM5/4-MP83%20CH.BK,https://catalogo.quantum-imports.com/images/noctua/nm-am5-4-mp83_ch_bk.jpg,NOCTUA,KITS DE MONTAJE (BRACKETS) DE ACTUALIZACION AM4/AM5
NM-AM5/4-MP78,NOCTUA KIT DE MONTAJE  (NM-AM5/4-MP78),"Kit de montaje de actualización SecuFirm2 para coolers Noctua con paso de montaje de 78mm, que permite instalarlos en las plataformas AMD AM5 y AM4. Usa resortes de acero de alta calidad para lograr la presión de contacto correcta sin adivinar cuánto apretar y se instala sobre el backplate original de AMD de la placa madre.",in stock,new,304.63 MXN,https://catalogo.quantum-imports.com/?sku=NM-AM5/4-MP78,https://catalogo.quantum-imports.com/images/noctua/nm-am5-4-mp78.jpg,NOCTUA,KITS DE MONTAJE (BRACKETS) DE ACTUALIZACION AM4/AM5
NM-AM5/4-MP78 CH.BK,NOCTUA KIT DE MONTAJE (NM-AM5/4-MP78 CHROMAX.BLACK),"Kit de montaje de actualización SecuFirm2 en acabado chromax.black para coolers Noctua con paso de montaje de 78mm, para instalarlos en las plataformas AMD AM5 y AM4. Usa resortes de acero de alta calidad para una presión de contacto uniforme y se monta sobre el backplate original de AMD. Acabado negro sin diferencia de desempeño respecto al estándar.",in stock,new,325.55 MXN,https://catalogo.quantum-imports.com/?sku=NM-AM5/4-MP78%20CH.BK,https://catalogo.quantum-imports.com/images/noctua/nm-am5-4-mp78_ch_bk.jpg,NOCTUA,KITS DE MONTAJE (BRACKETS) DE ACTUALIZACION AM4/AM5
NM-AM5-L9aL9i,NOCTUA KIT DE MONTAJE (NM-AM5-L9AL9I),"Kit de montaje de actualización SecuFirm2 que permite instalar los coolers Noctua NH-L9a, NH-L9a-AM4 y NH-L9i en la plataforma AMD AM5. Solo es compatible con esos tres modelos, no con el NH-L9i-17xx ni otros disipadores. Se instala sobre el backplate original de AMD, atornillando desde la parte trasera de la placa madre.",in stock,new,304.63 MXN,https://catalogo.quantum-imports.com/?sku=NM-AM5-L9aL9i,https://catalogo.quantum-imports.com/images/noctua/nm-am5-l9al9i.jpg,NOCTUA,KITS DE MONTAJE (BRACKETS) DE ACTUALIZACION AM4/AM5
NA-STPG1,NOCTUA TOALLITAS LIMPIADORAS PROTECTOR ANTI-DERRAMES PARA PASTA TERMICA AM5 NA-STPG1,"Set protector de pasta térmica que evita la acumulación de pasta en las ranuras del heatspreader de los CPU AMD AM5, con diez toallitas limpiadoras NA-CW1 incluidas. El protector NA-TPG1 es de policarbonato resistente al calor, sella los bordes del disipador integrado del CPU y se aplica y retira sin riesgo. No tiene impacto medible en las temperaturas.",out of stock,new,165.92 MXN,https://catalogo.quantum-imports.com/?sku=NA-STPG1,https://catalogo.quantum-imports.com/images/noctua/na-stpg1.jpg?v3,NOCTUA,TOALLITAS LIMPIADORAS Y PROTECTOR AM5
NA-FG1-12 Sx2,NOCTUA REJILLA PARA VENTILADOR NA-FG1-12 Sx2 120 mm,"Rejilla protectora para ventilador de 120mm de la serie NA-FG1, en paquete de 2 unidades. Usa un sistema de montaje sin herramientas con push-pins que introduce un offset de 5mm para mejorar el flujo de aire y el nivel de ruido, con nervios de acero densamente espaciados que evitan el contacto accidental con las aspas o los cables. Incluye tornillos.",out of stock,new,305.29 MXN,https://catalogo.quantum-imports.com/?sku=NA-FG1-12%20Sx2,https://catalogo.quantum-imports.com/images/noctua/na-fg1-12_sx2.jpg?v3,NOCTUA,REJILLAS PARA VENTILADORES
NA-FG1-12 Sx5,NOCTUA REJILLA PARA VENTILADOR NA-FG1-12 Sx5 120 mm,"Rejilla protectora para ventilador de 120mm de la serie NA-FG1, en paquete de 5 unidades. Sistema de montaje sin herramientas con push-pins que introduce un offset de 5mm para mejorar el flujo de aire y el nivel de ruido, con nervios de acero densamente espaciados que evitan el contacto accidental con las aspas o los cables. Incluye tornillos.",out of stock,new,410.88 MXN,https://catalogo.quantum-imports.com/?sku=NA-FG1-12%20Sx5,https://catalogo.quantum-imports.com/images/noctua/na-fg1-12_sx5.jpg?v3,NOCTUA,REJILLAS PARA VENTILADORES
NA-FG1-14 Sx2,NOCTUA REJILLA PARA VENTILADOR NA-FG1-14 Sx2 140 mm,"Rejilla protectora para ventilador de 140mm de la serie NA-FG1, en paquete de 2 unidades. Usa un sistema de montaje sin herramientas con push-pins que introduce un offset de 5mm para mejorar el flujo de aire y el nivel de ruido, con nervios de acero densamente espaciados que evitan el contacto accidental con las aspas o los cables. Incluye tornillos.",out of stock,new,415.01 MXN,https://catalogo.quantum-imports.com/?sku=NA-FG1-14%20Sx2,https://catalogo.quantum-imports.com/images/noctua/na-fg1-14_sx2.jpg?v3,NOCTUA,REJILLAS PARA VENTILADORES
NA-FG1-14 Sx5,NOCTUA REJILLA PARA VENTILADOR NA-FG1-14 Sx5 140 mm,"Rejilla protectora para ventilador de 140mm de la serie NA-FG1, en paquete de 5 unidades. Sistema de montaje sin herramientas con push-pins que introduce un offset de 5mm para mejorar el flujo de aire y el nivel de ruido, con nervios de acero densamente espaciados que evitan el contacto accidental con las aspas o los cables. Incluye tornillos.",out of stock,new,340.24 MXN,https://catalogo.quantum-imports.com/?sku=NA-FG1-14%20Sx5,https://catalogo.quantum-imports.com/images/noctua/na-fg1-14_sx5.jpg?v3,NOCTUA,REJILLAS PARA VENTILADORES
NA-FG1-20 Sx2,NOCTUA REJILLA PARA VENTILADOR NA-FG1-20 Sx2 200 mm,"Rejilla protectora para ventilador de 200mm de la serie NA-FG1, en paquete de 2 unidades. Usa un sistema de montaje sin herramientas con push-pins que introduce un offset de 5mm para mejorar el flujo de aire y el nivel de ruido, con nervios de acero densamente espaciados que evitan el contacto accidental con las aspas o los cables. Incluye tornillos.",in stock,new,480.92 MXN,https://catalogo.quantum-imports.com/?sku=NA-FG1-20%20Sx2,https://catalogo.quantum-imports.com/images/noctua/na-fg1-20_sx2.jpg?v3,NOCTUA,REJILLAS PARA VENTILADORES
NA-FG1-20 Sx5,NOCTUA REJILLA PARA VENTILADOR NA-FG1-20 Sx5 200 mm,"Rejilla protectora para ventilador de 200mm de la serie NA-FG1, en paquete de 5 unidades. Sistema de montaje sin herramientas con push-pins que introduce un offset de 5mm para mejorar el flujo de aire y el nivel de ruido, con nervios de acero densamente espaciados que evitan el contacto accidental con las aspas o los cables. Incluye tornillos.",in stock,new,393.00 MXN,https://catalogo.quantum-imports.com/?sku=NA-FG1-20%20Sx5,https://catalogo.quantum-imports.com/images/noctua/na-fg1-20_sx5.jpg?v3,NOCTUA,REJILLAS PARA VENTILADORES
NA-FG1-4 Sx2,NOCTUA REJILLA PARA VENTILADOR NA-FG1-4 Sx2 40 mm,"Rejilla protectora para ventilador de 40mm de la serie NA-FG1, en paquete de 2 unidades. Usa un sistema de montaje sin herramientas con push-pins que introduce un offset de 5mm para mejorar el flujo de aire y el nivel de ruido, con nervios de acero densamente espaciados que evitan el contacto accidental con las aspas o los cables. Incluye tornillos.",in stock,new,410.50 MXN,https://catalogo.quantum-imports.com/?sku=NA-FG1-4%20Sx2,https://catalogo.quantum-imports.com/images/noctua/na-fg1-4_sx2.jpg?v3,NOCTUA,REJILLAS PARA VENTILADORES
NA-FG1-4 Sx5,NOCTUA REJILLA PARA VENTILADOR NA-FG1-4 Sx5 40 mm,"Rejilla protectora para ventilador de 40mm de la serie NA-FG1, en paquete de 5 unidades. Sistema de montaje sin herramientas con push-pins que introduce un offset de 5mm para mejorar el flujo de aire y el nivel de ruido, con nervios de acero densamente espaciados que evitan el contacto accidental con las aspas o los cables. Incluye tornillos.",in stock,new,270.12 MXN,https://catalogo.quantum-imports.com/?sku=NA-FG1-4%20Sx5,https://catalogo.quantum-imports.com/images/noctua/na-fg1-4_sx5.jpg?v3,NOCTUA,REJILLAS PARA VENTILADORES
NA-FG1-5 Sx2,NOCTUA REJILLA PARA VENTILADOR NA-FG1-5 Sx2 50 mm,"Rejilla protectora para ventilador de 50mm de la serie NA-FG1, en paquete de 2 unidades. Usa un sistema de montaje sin herramientas con push-pins que introduce un offset de 5mm para mejorar el flujo de aire y el nivel de ruido, con nervios de acero densamente espaciados que evitan el contacto accidental con las aspas o los cables. Incluye tornillos.",in stock,new,270.12 MXN,https://catalogo.quantum-imports.com/?sku=NA-FG1-5%20Sx2,https://catalogo.quantum-imports.com/images/noctua/na-fg1-5_sx2.jpg?v3,NOCTUA,REJILLAS PARA VENTILADORES
NA-FG1-5 Sx5,NOCTUA REJILLA PARA VENTILADOR NA-FG1-5 Sx5 50 mm,"Rejilla protectora para ventilador de 50mm de la serie NA-FG1, en paquete de 5 unidades. Sistema de montaje sin herramientas con push-pins que introduce un offset de 5mm para mejorar el flujo de aire y el nivel de ruido, con nervios de acero densamente espaciados que evitan el contacto accidental con las aspas o los cables. Incluye tornillos.",in stock,new,270.12 MXN,https://catalogo.quantum-imports.com/?sku=NA-FG1-5%20Sx5,https://catalogo.quantum-imports.com/images/noctua/na-fg1-5_sx5.jpg?v3,NOCTUA,REJILLAS PARA VENTILADORES
NA-FG1-6 Sx2,NOCTUA REJILLA PARA VENTILADOR NA-FG1-6 Sx2 60 mm,"Rejilla protectora para ventilador de 60mm de la serie NA-FG1, en paquete de 2 unidades. Usa un sistema de montaje sin herramientas con push-pins que introduce un offset de 5mm para mejorar el flujo de aire y el nivel de ruido, con nervios de acero densamente espaciados que evitan el contacto accidental con las aspas o los cables. Incluye tornillos.",in stock,new,324.77 MXN,https://catalogo.quantum-imports.com/?sku=NA-FG1-6%20Sx2,https://catalogo.quantum-imports.com/images/noctua/na-fg1-6_sx2.jpg?v3,NOCTUA,REJILLAS PARA VENTILADORES
NA-FG1-6 Sx5,NOCTUA REJILLA PARA VENTILADOR NA-FG1-6 Sx5 60 mm,"Rejilla protectora para ventilador de 60mm de la serie NA-FG1, en paquete de 5 unidades. Sistema de montaje sin herramientas con push-pins que introduce un offset de 5mm para mejorar el flujo de aire y el nivel de ruido, con nervios de acero densamente espaciados que evitan el contacto accidental con las aspas o los cables. Incluye tornillos.",in stock,new,270.12 MXN,https://catalogo.quantum-imports.com/?sku=NA-FG1-6%20Sx5,https://catalogo.quantum-imports.com/images/noctua/na-fg1-6_sx5.jpg?v3,NOCTUA,REJILLAS PARA VENTILADORES
NA-FG1-7 Sx2,NOCTUA REJILLA PARA VENTILADOR NA-FG1-7 Sx2 70 mm,"Rejilla protectora para ventilador de 70mm de la serie NA-FG1, en paquete de 2 unidades. Usa un sistema de montaje sin herramientas con push-pins que introduce un offset de 5mm para mejorar el flujo de aire y el nivel de ruido, con nervios de acero densamente espaciados que evitan el contacto accidental con las aspas o los cables. Incluye tornillos.",in stock,new,324.77 MXN,https://catalogo.quantum-imports.com/?sku=NA-FG1-7%20Sx2,https://catalogo.quantum-imports.com/images/noctua/na-fg1-7_sx2.jpg?v3,NOCTUA,REJILLAS PARA VENTILADORES
NA-FG1-7 Sx5,NOCTUA REJILLA PARA VENTILADOR NA-FG1-7 Sx5 70 mm,"Rejilla protectora para ventilador de 70mm de la serie NA-FG1, en paquete de 5 unidades. Sistema de montaje sin herramientas con push-pins que introduce un offset de 5mm para mejorar el flujo de aire y el nivel de ruido, con nervios de acero densamente espaciados que evitan el contacto accidental con las aspas o los cables. Incluye tornillos.",in stock,new,270.12 MXN,https://catalogo.quantum-imports.com/?sku=NA-FG1-7%20Sx5,https://catalogo.quantum-imports.com/images/noctua/na-fg1-7_sx5.jpg?v3,NOCTUA,REJILLAS PARA VENTILADORES
NA-FG1-8 Sx2,NOCTUA REJILLA PARA VENTILADOR NA-FG1-8 Sx2 80 mm,"Rejilla protectora para ventilador de 80mm de la serie NA-FG1, en paquete de 2 unidades. Usa un sistema de montaje sin herramientas con push-pins que introduce un offset de 5mm para mejorar el flujo de aire y el nivel de ruido, con nervios de acero densamente espaciados que evitan el contacto accidental con las aspas o los cables. Incluye tornillos.",in stock,new,324.77 MXN,https://catalogo.quantum-imports.com/?sku=NA-FG1-8%20Sx2,https://catalogo.quantum-imports.com/images/noctua/na-fg1-8_sx2.jpg,NOCTUA,REJILLAS PARA VENTILADORES
NA-FG1-8 Sx5,NOCTUA REJILLA PARA VENTILADOR NA-FG1-8 Sx5 80 mm,"Rejilla protectora para ventilador de 80mm de la serie NA-FG1, en paquete de 5 unidades. Sistema de montaje sin herramientas con push-pins que introduce un offset de 5mm para mejorar el flujo de aire y el nivel de ruido, con nervios de acero densamente espaciados que evitan el contacto accidental con las aspas o los cables. Incluye tornillos.",out of stock,new,344.94 MXN,https://catalogo.quantum-imports.com/?sku=NA-FG1-8%20Sx5,https://catalogo.quantum-imports.com/images/noctua/na-fg1-8_sx5.jpg?v3,NOCTUA,REJILLAS PARA VENTILADORES
NA-FG1-9 Sx2,NOCTUA REJILLA PARA VENTILADOR NA-FG1-9 Sx2 92 mm,"Rejilla protectora para ventilador de 92mm de la serie NA-FG1, en paquete de 2 unidades. Usa un sistema de montaje sin herramientas con push-pins que introduce un offset de 5mm para mejorar el flujo de aire y el nivel de ruido, con nervios de acero densamente espaciados que evitan el contacto accidental con las aspas o los cables. Incluye tornillos.",in stock,new,324.77 MXN,https://catalogo.quantum-imports.com/?sku=NA-FG1-9%20Sx2,https://catalogo.quantum-imports.com/images/noctua/na-fg1-9_sx2.jpg?v3,NOCTUA,REJILLAS PARA VENTILADORES
NA-FG1-9 Sx5,NOCTUA REJILLA PARA VENTILADOR NA-FG1-9 Sx5 92 mm,"Rejilla protectora para ventilador de 92mm de la serie NA-FG1, en paquete de 5 unidades. Sistema de montaje sin herramientas con push-pins que introduce un offset de 5mm para mejorar el flujo de aire y el nivel de ruido, con nervios de acero densamente espaciados que evitan el contacto accidental con las aspas o los cables. Incluye tornillos.",in stock,new,270.12 MXN,https://catalogo.quantum-imports.com/?sku=NA-FG1-9%20Sx5,https://catalogo.quantum-imports.com/images/noctua/na-fg1-9_sx5.jpg?v3,NOCTUA,REJILLAS PARA VENTILADORES
NA-IS1-12 SX2,NOCTUA SEPARADOR LATERAL NA-IS1-12 SX2,"Set de dos marcos separadores de entrada de 5mm de grosor para ventiladores Noctua de 120x25mm, pensados para aplicaciones de succión donde el ventilador jala aire a través de rejillas, mallas, filtros o radiadores. Al separar el ventilador del obstáculo reducen las turbulencias de entrada, lo que mejora el flujo de aire y baja el nivel de ruido, con una reducción promedio cercana a 2 dB(A) en pruebas sobre placas perforadas.",out of stock,new,305.29 MXN,https://catalogo.quantum-imports.com/?sku=NA-IS1-12%20SX2,https://catalogo.quantum-imports.com/images/noctua/na-is1-12_sx2.jpg,NOCTUA,SEPARADOR LATERAL
NA-IS1-12 CH.BK SX2,NOCTUA SEPARADOR LATERAL NA-IS1-12 CH.BK SX2,"Set de dos marcos separadores de entrada de 5mm de grosor en chromax.black para ventiladores Noctua de 120x25mm, para aplicaciones de succión donde el ventilador jala aire a través de rejillas, mallas, filtros o radiadores. Reducen las turbulencias de entrada para mejorar el flujo de aire y bajar el ruido. Acabado negro sin diferencia de desempeño respecto al estándar.",out of stock,new,305.29 MXN,https://catalogo.quantum-imports.com/?sku=NA-IS1-12%20CH.BK%20SX2,https://catalogo.quantum-imports.com/images/noctua/na-is1-12_ch_bk_sx2.jpg?v3,NOCTUA,SEPARADOR LATERAL
NA-IS1-14 SX2,NOCTUA SEPARADOR LATERAL NA-IS1-14 SX2,"Set de dos marcos separadores de entrada de 5mm de grosor para ventiladores Noctua de 140x25mm, pensados para aplicaciones de succión donde el ventilador jala aire a través de rejillas, mallas, filtros o radiadores. Al separar el ventilador del obstáculo reducen las turbulencias de entrada, lo que mejora el flujo de aire y baja el nivel de ruido, con una reducción promedio cercana a 2 dB(A) en pruebas sobre placas perforadas.",out of stock,new,305.29 MXN,https://catalogo.quantum-imports.com/?sku=NA-IS1-14%20SX2,https://catalogo.quantum-imports.com/images/noctua/na-is1-14_sx2.jpg,NOCTUA,SEPARADOR LATERAL
NA-IS1-14 CH.BK SX2,NOCTUA SEPARADOR LATERAL NA-IS1-14 CH.BK SX2,"Set de dos marcos separadores de entrada de 5mm de grosor en chromax.black para ventiladores Noctua de 140x25mm, para aplicaciones de succión donde el ventilador jala aire a través de rejillas, mallas, filtros o radiadores. Reducen las turbulencias de entrada para mejorar el flujo de aire y bajar el ruido. Acabado negro sin diferencia de desempeño respecto al estándar.",out of stock,new,305.29 MXN,https://catalogo.quantum-imports.com/?sku=NA-IS1-14%20CH.BK%20SX2,https://catalogo.quantum-imports.com/images/noctua/na-is1-14_ch_bk_sx2.jpg?v3,NOCTUA,SEPARADOR LATERAL
NM-SD1,NOCTUA DESATORNILLADOR TORX TX20,"Desatornillador de alta calidad con punta Torx T20, ideal para los sistemas de montaje SecuFirm2+ de Noctua. Su eje de 150mm facilita alcanzar los tornillos de coolers grandes y la punta magnética ayuda a fijar tornillos en espacios reducidos como builds ITX. Empuñadura amplia y cómoda.",in stock,new,153.53 MXN,https://catalogo.quantum-imports.com/?sku=NM-SD1,https://catalogo.quantum-imports.com/images/noctua/nm-sd1.jpg?v3,NOCTUA,DESATORNILLADORES
NM-SD2,NOCTUA DESATORNILLADOR PH2,"Desatornillador de alta calidad con punta Phillips PH2, ideal para los sistemas de montaje SecuFirm y SecuFirm2 de Noctua basados en tornillo de cruz. Su eje de 150mm facilita alcanzar los tornillos de coolers grandes y la punta magnética ayuda a fijar tornillos en espacios estrechos como builds ITX. Compatible con más de 40 modelos de disipador desde 2005.",in stock,new,153.43 MXN,https://catalogo.quantum-imports.com/?sku=NM-SD2,https://catalogo.quantum-imports.com/images/noctua/nm-sd2.jpg?v3,NOCTUA,DESATORNILLADORES
TG-P-B-030-R,THERMAL GRIZZLY PUTTY BASIC 30G,"Masilla térmica (gap filler) eléctricamente no conductora, pensada como reemplazo de los thermal pads entre el PCB y el disipador en tarjetas gráficas. Compensa diferencias de altura de 0.2 a 3.0 mm y opera entre -40°C y +120°C. La variante Basic ofrece conductividad térmica media dentro de la línea Putty. Presentación de 30 g. No apta para el IHS o die del procesador ni sobre el die de la GPU.",out of stock,new,451.24 MXN,https://catalogo.quantum-imports.com/?sku=TG-P-B-030-R,https://catalogo.quantum-imports.com/images/tg/tg-p-b-030-r.jpg,THERMAL GRIZZLY,Masilla térmica (Putty)
TG-P-A-030-R,THERMAL GRIZZLY PUTTY ADVANCE 30G,"Masilla térmica (gap filler) eléctricamente no conductora para reemplazar thermal pads entre el PCB y el disipador en tarjetas gráficas. Compensa diferencias de altura de 0.2 a 3.0 mm y trabaja entre -40°C y +120°C. La variante Advance ofrece buena conductividad térmica, un escalón sobre la Basic. Presentación de 30 g. No apta para el IHS o die del procesador ni sobre el die de la GPU.",in stock,new,754.00 MXN,https://catalogo.quantum-imports.com/?sku=TG-P-A-030-R,https://catalogo.quantum-imports.com/images/tg/tg-p-a-030-r.jpg,THERMAL GRIZZLY,Masilla térmica (Putty)
TG-P-P-030-R,THERMAL GRIZZLY PUTTY PRO 30G,Masilla térmica (gap filler) eléctricamente no conductora para reemplazar thermal pads entre el PCB y el disipador en tarjetas gráficas. Compensa diferencias de altura de 0.2 a 3.0 mm y opera entre -40°C y +120°C. La variante Pro es la de mayor conductividad térmica de la línea Putty. Presentación de 30 g. No apta para el IHS o die del procesador ni sobre el die de la GPU.,in stock,new,1569.48 MXN,https://catalogo.quantum-imports.com/?sku=TG-P-P-030-R,https://catalogo.quantum-imports.com/images/tg/tg-p-p-030-r.jpg,THERMAL GRIZZLY,Masilla térmica (Putty)
TG-P-B-100-R,THERMAL GRIZZLY PUTTY BASIC 100G,"Masilla térmica (gap filler) eléctricamente no conductora, reemplazo de thermal pads entre el PCB y el disipador en tarjetas gráficas. Compensa diferencias de altura de 0.2 a 3.0 mm y opera entre -40°C y +120°C. La variante Basic ofrece conductividad térmica media dentro de la línea Putty. Presentación de 100 g para aplicaciones de mayor volumen. No apta para el IHS o die del procesador ni sobre el die de la GPU.",in stock,new,1131.00 MXN,https://catalogo.quantum-imports.com/?sku=TG-P-B-100-R,https://catalogo.quantum-imports.com/images/tg/tg-p-b-100-r.jpg,THERMAL GRIZZLY,Masilla térmica (Putty)
TG-P-A-100-R,THERMAL GRIZZLY PUTTY ADVANCE 100G,Masilla térmica (gap filler) eléctricamente no conductora para reemplazar thermal pads entre el PCB y el disipador en tarjetas gráficas. Compensa diferencias de altura de 0.2 a 3.0 mm y trabaja entre -40°C y +120°C. La variante Advance ofrece buena conductividad térmica. Presentación de 100 g para aplicaciones de mayor volumen. No apta para el IHS o die del procesador ni sobre el die de la GPU.,in stock,new,2265.48 MXN,https://catalogo.quantum-imports.com/?sku=TG-P-A-100-R,https://catalogo.quantum-imports.com/images/tg/tg-p-a-100-r.jpg,THERMAL GRIZZLY,Masilla térmica (Putty)
TG-P-P-100-R,THERMAL GRIZZLY PUTTY PRO 100G,Masilla térmica (gap filler) eléctricamente no conductora para reemplazar thermal pads entre el PCB y el disipador en tarjetas gráficas. Compensa diferencias de altura de 0.2 a 3.0 mm y opera entre -40°C y +120°C. La variante Pro es la de mayor conductividad térmica de la línea Putty. Presentación de 100 g para aplicaciones de mayor volumen. No apta para el IHS o die del procesador ni sobre el die de la GPU.,in stock,new,3597.16 MXN,https://catalogo.quantum-imports.com/?sku=TG-P-P-100-R,https://catalogo.quantum-imports.com/images/tg/tg-p-p-100-r.jpg,THERMAL GRIZZLY,Masilla térmica (Putty)
TG-D-002-R,THERMAL GRIZZLY  DURONAUT 2G,"Pasta térmica eléctricamente no conductora enfocada en estabilidad a largo plazo. Su nombre viene de durability: está formulada para conservar el rendimiento sin secarse ni degradarse con el tiempo, a diferencia de las pastas convencionales. Presentación de 2 g.",in stock,new,154.28 MXN,https://catalogo.quantum-imports.com/?sku=TG-D-002-R,https://catalogo.quantum-imports.com/images/tg/tg-d-002-r.jpg,THERMAL GRIZZLY,Pasta térmica
TG-D-006-R,THERMAL GRIZZLY DURONAUT 6G,"Pasta térmica eléctricamente no conductora enfocada en estabilidad a largo plazo. Su nombre viene de durability: mantiene el rendimiento sin secarse ni degradarse con el tiempo, a diferencia de las pastas convencionales. Presentación de 6 g.",in stock,new,331.76 MXN,https://catalogo.quantum-imports.com/?sku=TG-D-006-R,https://catalogo.quantum-imports.com/images/tg/tg-d-006-r.jpg,THERMAL GRIZZLY,Pasta térmica
TG-A-00-1RS,THERMAL GRIZZLY PASTA TERMICA AERONAUT - 1G,"Pasta térmica de gama de entrada, base silicona, con conductividad térmica de 8.5 W/mk. Eléctricamente no conductora, por lo que no provoca cortos si toca componentes cercanos, y opera entre -150°C y +200°C. Compatible con enfriamiento por aire y agua. Presentación de 1 g.",in stock,new,59.16 MXN,https://catalogo.quantum-imports.com/?sku=TG-A-00-1RS,https://catalogo.quantum-imports.com/images/tg/tg-a-00-1rs.jpg,THERMAL GRIZZLY,Pasta térmica
TG-A-015-R,"THERMAL GRIZZLY PASTA TERMICA AERONAUT - 3,9G / 1,5ML","Pasta térmica de gama de entrada con conductividad térmica de 8.5 W/mk. Eléctricamente no conductora y con rango de operación de -150°C a +200°C, apta para aire y agua. Presentación de 3.9 g / 1.5 ml.",in stock,new,107.88 MXN,https://catalogo.quantum-imports.com/?sku=TG-A-015-R,https://catalogo.quantum-imports.com/images/tg/tg-a-015-r.jpg,THERMAL GRIZZLY,Pasta térmica
TG-A-030-R,"THERMAL GRIZZLY PASTA TERMICA AERONAUT - 7,8 G / 3 ML","Pasta térmica de gama de entrada con conductividad térmica de 8.5 W/mk. Eléctricamente no conductora y con rango de operación de -150°C a +200°C, apta para aire y agua. Presentación de 7.8 g / 3 ml.",in stock,new,314.36 MXN,https://catalogo.quantum-imports.com/?sku=TG-A-030-R,https://catalogo.quantum-imports.com/images/tg/tg-a-030-r.jpg,THERMAL GRIZZLY,Pasta térmica
TG-A-100-R,THERMAL GRIZZLY PASTA TERMICA AERONAUT - 26g / 10ml,"Pasta térmica de gama de entrada con conductividad térmica de 8.5 W/mk. Eléctricamente no conductora y con rango de operación de -150°C a +200°C, apta para aire y agua. Presentación de gran volumen de 26 g / 10 ml.",out of stock,new,690.20 MXN,https://catalogo.quantum-imports.com/?sku=TG-A-100-R,https://catalogo.quantum-imports.com/images/tg/tg-a-100-r.jpg,THERMAL GRIZZLY,Pasta térmica
TG-H-001-RS,THERMAL GRIZZLY PASTA TERMICA HYDRONAUT - 1 G,Pasta térmica de alto rendimiento con conductividad térmica de 11.8 W/mk. Eléctricamente no conductora y con un amplio rango de operación de -200°C a +350°C. Recomendada para enfriamiento por agua y superficies de contacto grandes. Presentación de 1 g.,out of stock,new,90.48 MXN,https://catalogo.quantum-imports.com/?sku=TG-H-001-RS,https://catalogo.quantum-imports.com/images/tg/tg-h-001-rs.jpg,THERMAL GRIZZLY,Pasta térmica
TG-H-015-R,"THERMAL GRIZZLY PASTA TERMICA HYDRONAUT - 3,9 G / 1,5 ML",Pasta térmica de alto rendimiento con conductividad térmica de 11.8 W/mk. Eléctricamente no conductora y con rango de operación de -200°C a +350°C. Recomendada para enfriamiento por agua y superficies de contacto grandes. Presentación de 3.9 g / 1.5 ml.,in stock,new,243.60 MXN,https://catalogo.quantum-imports.com/?sku=TG-H-015-R,https://catalogo.quantum-imports.com/images/tg/tg-h-015-r.jpg,THERMAL GRIZZLY,Pasta térmica
TG-H-030-R,"THERMAL GRIZZLY PASTA TERMICA HYDRONAUT - 7,8 G / 3 ML",Pasta térmica de alto rendimiento con conductividad térmica de 11.8 W/mk. Eléctricamente no conductora y con rango de operación de -200°C a +350°C. Recomendada para enfriamiento por agua y superficies de contacto grandes. Presentación de 7.8 g / 3 ml.,in stock,new,443.12 MXN,https://catalogo.quantum-imports.com/?sku=TG-H-030-R,https://catalogo.quantum-imports.com/images/tg/tg-h-030-r.jpg,THERMAL GRIZZLY,Pasta térmica
TG-H-100-R,THERMAL GRIZZLY PASTA TERMICA HYDRONAUT -26 g / 10 ml,Pasta térmica de alto rendimiento con conductividad térmica de 11.8 W/mk. Eléctricamente no conductora y con rango de operación de -200°C a +350°C. Recomendada para enfriamiento por agua y superficies de contacto grandes. Presentación de gran volumen de 26 g / 10 ml.,in stock,new,953.52 MXN,https://catalogo.quantum-imports.com/?sku=TG-H-100-R,https://catalogo.quantum-imports.com/images/tg/tg-h-100-r.jpg,THERMAL GRIZZLY,Pasta térmica
TG-K-001-RS,THERMAL GRIZZLY PASTA TERMICA KRYONAUT - 1 G,"Pasta térmica de alto rendimiento con conductividad térmica de 12.5 W/mk. Eléctricamente no conductora, lo que la hace segura junto a componentes sensibles, y con un amplio rango de operación de -200°C a +350°C. Apta para aire, agua y overclocking. Presentación de 1 g.",in stock,new,163.56 MXN,https://catalogo.quantum-imports.com/?sku=TG-K-001-RS,https://catalogo.quantum-imports.com/images/tg/tg-k-001-rs.jpg,THERMAL GRIZZLY,Pasta térmica
TG-K-015-R,"THERMAL GRIZZLY PASTA TERMICA KRYONAUT - 5,5 G / 1,5 ML","Pasta térmica de alto rendimiento con conductividad térmica de 12.5 W/mk. Eléctricamente no conductora y con rango de operación de -200°C a +350°C, apta para aire, agua y overclocking. Presentación de 5.5 g / 1.5 ml.",in stock,new,441.96 MXN,https://catalogo.quantum-imports.com/?sku=TG-K-015-R,https://catalogo.quantum-imports.com/images/tg/tg-k-015-r.jpg,THERMAL GRIZZLY,Pasta térmica
TG-K-030-R,"THERMAL GRIZZLY PASTA TERMICA KRYONAUT - 11,1 G / 3 ML","Pasta térmica de alto rendimiento con conductividad térmica de 12.5 W/mk. Eléctricamente no conductora y con rango de operación de -200°C a +350°C, apta para aire, agua y overclocking. Presentación de 11.1 g / 3 ml.",in stock,new,777.20 MXN,https://catalogo.quantum-imports.com/?sku=TG-K-030-R,https://catalogo.quantum-imports.com/images/tg/tg-k-030-r.jpg,THERMAL GRIZZLY,Pasta térmica
TG-K-100-R,THERMAL GRIZZLY PASTA TERMICA KRYONAUT - 37 G / 10ML,"Pasta térmica de alto rendimiento con conductividad térmica de 12.5 W/mk. Eléctricamente no conductora y con rango de operación de -200°C a +350°C, apta para aire, agua y overclocking. Presentación de gran volumen de 37 g / 10 ml.",in stock,new,1646.04 MXN,https://catalogo.quantum-imports.com/?sku=TG-K-100-R,https://catalogo.quantum-imports.com/images/tg/tg-k-100-r.jpg,THERMAL GRIZZLY,Pasta térmica
TG-KE-002-R,THERMAL GRIZZLY KRYONAUT EXTREME PASTA TERMICA 2G MULTILINGUAL (VPE 50),"Pasta térmica premium con conductividad térmica de 14.2 W/mk, la versión de mayor rendimiento de la familia Kryonaut. Eléctricamente no conductora y con rango de operación de -250°C a +350°C, formulada con partículas más pequeñas para una capa mínima más delgada. Orientada a overclocking extremo, incluido enfriamiento criogénico. Presentación de 2 g.",in stock,new,357.28 MXN,https://catalogo.quantum-imports.com/?sku=TG-KE-002-R,https://catalogo.quantum-imports.com/images/tg/tg-ke-002-r.jpg,THERMAL GRIZZLY,Pasta térmica
TG-KE-090-R,THERMAL GRIZZLY PASTA TERMICA KRYONAUT EXTREME - 33.8 G / 9ML,"Pasta térmica premium con conductividad térmica de 14.2 W/mk, la de mayor rendimiento de la familia Kryonaut. Eléctricamente no conductora y con rango de operación de -250°C a +350°C, orientada a overclocking extremo y enfriamiento criogénico. Presentación de gran volumen de 33.8 g / 9 ml.",in stock,new,1823.52 MXN,https://catalogo.quantum-imports.com/?sku=TG-KE-090-R,https://catalogo.quantum-imports.com/images/tg/tg-ke-090-r.jpg,THERMAL GRIZZLY,Pasta térmica
TG-C-001-R,THERMAL GRIZZLY CONDUCTONAUT - 1 G,"Metal líquido de altísimo rendimiento con conductividad térmica de 73 W/mk, basado en una aleación eutéctica de estaño, galio e indio. Es eléctricamente conductor, por lo que exige aplicación cuidadosa, y no debe usarse con disipadores de aluminio; se recomienda sobre superficies niqueladas. Rango de operación de 10°C a +140°C. Presentación de 1 g.",out of stock,new,258.68 MXN,https://catalogo.quantum-imports.com/?sku=TG-C-001-R,https://catalogo.quantum-imports.com/images/tg/tg-c-001-r.jpg,THERMAL GRIZZLY,Metal líquido
TG-C-005-R,THERMAL GRIZZLY CONDUCTONAUT - 5 G,"Metal líquido de altísimo rendimiento con conductividad térmica de 73 W/mk, basado en una aleación eutéctica de estaño, galio e indio. Es eléctricamente conductor y no debe usarse con disipadores de aluminio; se recomienda aplicarlo sobre superficies niqueladas. Rango de operación de 10°C a +140°C. Presentación de 5 g.",in stock,new,1107.80 MXN,https://catalogo.quantum-imports.com/?sku=TG-C-005-R,https://catalogo.quantum-imports.com/images/tg/tg-c-005-r.jpg,THERMAL GRIZZLY,Metal líquido
TG-CE-001-R,THERMAL GRIZZLY CONDUCTONAUT EXTREME - 1 G,"Metal líquido de máxima densidad de potencia, evolución del Conductonaut. Es eléctricamente conductor, no debe entrar en contacto con aluminio y se recomienda aplicarlo sobre cobre niquelado para mayor estabilidad a largo plazo. Rango de operación de -50°C a +200°C. Presentación de 1 g.",out of stock,new,411.80 MXN,https://catalogo.quantum-imports.com/?sku=TG-CE-001-R,https://catalogo.quantum-imports.com/images/tg/tg-ce-001-r.jpg,THERMAL GRIZZLY,Metal líquido
TG-CE-005-R,THERMAL GRIZZLY CONDUCTONAUT EXTREME - 5 G,"Metal líquido de máxima densidad de potencia, evolución del Conductonaut. Es eléctricamente conductor, no debe entrar en contacto con aluminio y se recomienda aplicarlo sobre cobre niquelado para mayor estabilidad a largo plazo. Rango de operación de -50°C a +200°C. Presentación de 5 g.",in stock,new,1255.12 MXN,https://catalogo.quantum-imports.com/?sku=TG-CE-005-R,https://catalogo.quantum-imports.com/images/tg/tg-ce-005-r.jpg,THERMAL GRIZZLY,Metal líquido
TG-M2SSD-ABR,THERMAL GRIZZLY M2SSD COOLER,"Disipador pasivo de aluminio en color negro para SSD M.2 NVMe formato 2280 (una sola cara, 22 x 80 mm). Se compone de tapa frontal y placa trasera e incluye dos Minus Pad 8 (0.5 mm y 1 mm) para el contacto térmico. Reduce la temperatura del SSD y evita el estrangulamiento de velocidad por calor en uso exigente.",out of stock,new,346.89 MXN,https://catalogo.quantum-imports.com/?sku=TG-M2SSD-ABR,https://catalogo.quantum-imports.com/images/tg/tg-m2ssd-abr.jpg?v3,THERMAL GRIZZLY,Overclocking y modding
TG-CA-25-25-02-R,THERMAL GRIZZLY THERMAL PAD CARBONAUT 25x25x0.2,"Pad térmico de carbono de 25 x 25 x 0.2 mm con conductividad térmica de 62.5 W/mk. Es flexible, reutilizable, no adhesivo y no se seca con el tiempo. Advertencia: es eléctricamente conductor, por lo que debe colocarse con cuidado para no tocar componentes sensibles.",in stock,new,262.16 MXN,https://catalogo.quantum-imports.com/?sku=TG-CA-25-25-02-R,https://catalogo.quantum-imports.com/images/tg/tg-ca-25-25-02-r.jpg,THERMAL GRIZZLY,Pads de carbono
TG-CA-31-25-02-R,THERMAL GRIZZLY THERMAL PAD CARBONAUT 31x25x0.2,"Pad térmico de carbono de 31 x 25 x 0.2 mm con conductividad térmica de 62.5 W/mk. Flexible, reutilizable, no adhesivo y no se seca con el tiempo. Advertencia: es eléctricamente conductor, por lo que debe colocarse con cuidado para no tocar componentes sensibles.",in stock,new,299.28 MXN,https://catalogo.quantum-imports.com/?sku=TG-CA-31-25-02-R,https://catalogo.quantum-imports.com/images/tg/tg-ca-31-25-02-r.jpg,THERMAL GRIZZLY,Pads de carbono
TG-CA-32-32-02-R,THERMAL GRIZZLY THERMAL PAD CARBONAUT 32x32x0.2,"Pad térmico de carbono de 32 x 32 x 0.2 mm con conductividad térmica de 62.5 W/mk. Flexible, reutilizable, no adhesivo y no se seca con el tiempo. Advertencia: es eléctricamente conductor, por lo que debe colocarse con cuidado para no tocar componentes sensibles.",in stock,new,269.12 MXN,https://catalogo.quantum-imports.com/?sku=TG-CA-32-32-02-R,https://catalogo.quantum-imports.com/images/tg/tg-ca-32-32-02-r.jpg,THERMAL GRIZZLY,Pads de carbono
TG-CA-38-38-02-R,THERMAL GRIZZLY THERMAL PAD CARBONAUT 38X38X0.2,"Pad térmico de carbono de 38 x 38 x 0.2 mm con conductividad térmica de 62.5 W/mk. Flexible, reutilizable, no adhesivo y no se seca con el tiempo. Advertencia: es eléctricamente conductor, por lo que debe colocarse con cuidado para no tocar componentes sensibles.",in stock,new,368.88 MXN,https://catalogo.quantum-imports.com/?sku=TG-CA-38-38-02-R,https://catalogo.quantum-imports.com/images/tg/tg-ca-38-38-02-r.jpg,THERMAL GRIZZLY,Pads de carbono
TG-CA-51-68-02-R,THERMAL GRIZZLY THERMAL PAD CARBONAUT 51x68x0.2,"Pad térmico de carbono de 51 x 68 x 0.2 mm con conductividad térmica de 62.5 W/mk. Flexible, reutilizable, no adhesivo y no se seca con el tiempo. Advertencia: es eléctricamente conductor, por lo que debe colocarse con cuidado para no tocar componentes sensibles.",in stock,new,664.68 MXN,https://catalogo.quantum-imports.com/?sku=TG-CA-51-68-02-R,https://catalogo.quantum-imports.com/images/tg/tg-ca-51-68-02-r.jpg,THERMAL GRIZZLY,Pads de carbono
TG-KS-24-12,THERMAL GRIZZLY THERMAL PAD KRYOSHEET 24X12,"Pad térmico de grafeno de 24 x 12 x 0.2 mm, alternativa de gama alta a la pasta térmica. No contiene componentes líquidos, así que no se seca ni envejece como una pasta y es reutilizable. Advertencia: es eléctricamente conductor y debe instalarse con cuidado para no tocar componentes sensibles.",in stock,new,317.84 MXN,https://catalogo.quantum-imports.com/?sku=TG-KS-24-12,https://catalogo.quantum-imports.com/images/tg/tg-ks-24-12.jpg,THERMAL GRIZZLY,Pads de grafito
TG-KS-25-25,THERMAL GRIZZLY THERMAL PAD KRYOSHEET 25X25,"Pad térmico de grafeno de 25 x 25 x 0.2 mm, alternativa de gama alta a la pasta térmica. No contiene componentes líquidos, por lo que no se seca ni envejece y es reutilizable. Advertencia: es eléctricamente conductor y debe instalarse con cuidado para no tocar componentes sensibles.",in stock,new,349.16 MXN,https://catalogo.quantum-imports.com/?sku=TG-KS-25-25,https://catalogo.quantum-imports.com/images/tg/tg-ks-25-25.jpg,THERMAL GRIZZLY,Pads de grafito
TG-KS-29-25,THERMAL GRIZZLY THERMAL PAD KRYOSHEET 29X25,"Pad térmico de grafeno de 29 x 25 x 0.2 mm, alternativa de gama alta a la pasta térmica. No contiene componentes líquidos, por lo que no se seca ni envejece y es reutilizable. Advertencia: es eléctricamente conductor y debe instalarse con cuidado para no tocar componentes sensibles.",in stock,new,344.52 MXN,https://catalogo.quantum-imports.com/?sku=TG-KS-29-25,https://catalogo.quantum-imports.com/images/tg/tg-ks-29-25.jpg,THERMAL GRIZZLY,Pads de grafito
TG-KS-33-33,THERMAL GRIZZLY THERMAL PAD KRYOSHEET 33X33,"Pad térmico de grafeno de 33 x 33 x 0.2 mm, alternativa de gama alta a la pasta térmica. No contiene componentes líquidos, por lo que no se seca ni envejece y es reutilizable. Advertencia: es eléctricamente conductor y debe instalarse con cuidado para no tocar componentes sensibles.",in stock,new,455.88 MXN,https://catalogo.quantum-imports.com/?sku=TG-KS-33-33,https://catalogo.quantum-imports.com/images/tg/tg-ks-33-33.jpg,THERMAL GRIZZLY,Pads de grafito
TG-KS-38-38,THERMAL GRIZZLY THERMAL PAD KRYOSHEET 38X38,"Pad térmico de grafeno de 38 x 38 x 0.2 mm, alternativa de gama alta a la pasta térmica. No contiene componentes líquidos, por lo que no se seca ni envejece y es reutilizable. Advertencia: es eléctricamente conductor y debe instalarse con cuidado para no tocar componentes sensibles.",in stock,new,423.40 MXN,https://catalogo.quantum-imports.com/?sku=TG-KS-38-38,https://catalogo.quantum-imports.com/images/tg/tg-ks-38-38.jpg,THERMAL GRIZZLY,Pads de grafito
TG-KS-50-50,THERMAL GRIZZLY THERMAL PAD KRYOSHEET 50X50,"Pad térmico de grafeno de 50 x 50 x 0.2 mm, alternativa de gama alta a la pasta térmica. No contiene componentes líquidos, por lo que no se seca ni envejece y es reutilizable. Advertencia: es eléctricamente conductor y debe instalarse con cuidado para no tocar componentes sensibles.",in stock,new,530.12 MXN,https://catalogo.quantum-imports.com/?sku=TG-KS-50-50,https://catalogo.quantum-imports.com/images/tg/tg-ks-50-50.jpg,THERMAL GRIZZLY,Pads de grafito
TG-KS-68-51,THERMAL GRIZZLY THERMAL PAD KRYOSHEET 68X51,"Pad térmico de grafeno de 68 x 51 x 0.2 mm, alternativa de gama alta a la pasta térmica. No contiene componentes líquidos, por lo que no se seca ni envejece y es reutilizable. Advertencia: es eléctricamente conductor y debe instalarse con cuidado para no tocar componentes sensibles.",in stock,new,610.16 MXN,https://catalogo.quantum-imports.com/?sku=TG-KS-68-51,https://catalogo.quantum-imports.com/images/tg/tg-ks-68-51.jpg,THERMAL GRIZZLY,Pads de grafito
TG-MP-A-100-100-05-2,"THERMAL GRIZZLY MINUS PAD BASIC - 100X100X0,5 MM 2 PCS","Pad térmico eléctricamente no conductor de la serie Minus Pad Basic, con conductividad térmica de 6.5 W/mk. Deriva del Minus Pad 8, con mejor conductividad y relación precio-rendimiento. Apto para SSD, disipadores de GPU, reguladores de voltaje y módulos de memoria. Formato 100 x 100 x 0.5 mm, paquete de 2 piezas.",out of stock,new,292.58 MXN,https://catalogo.quantum-imports.com/?sku=TG-MP-A-100-100-05-2,https://catalogo.quantum-imports.com/images/tg/tg-mp-a-100-100-05-2.jpg,THERMAL GRIZZLY,Pads térmicos
TG-MP-A-100-100-10-2,"THERMAL GRIZZLY MINUS PAD BASIC - 100X100X1,0 MM 2 PCS","Pad térmico eléctricamente no conductor de la serie Minus Pad Basic, con conductividad térmica de 6.5 W/mk. Deriva del Minus Pad 8, con mejor conductividad y relación precio-rendimiento. Apto para SSD, disipadores de GPU, reguladores de voltaje y módulos de memoria. Formato 100 x 100 x 1.0 mm, paquete de 2 piezas.",out of stock,new,292.58 MXN,https://catalogo.quantum-imports.com/?sku=TG-MP-A-100-100-10-2,https://catalogo.quantum-imports.com/images/tg/tg-mp-a-100-100-10-2.jpg,THERMAL GRIZZLY,Pads térmicos
TG-MP-A-100-100-20-2,"THERMAL GRIZZLY MINUS PAD BASIC - 100X100X2,0 MM 2 PCS","Pad térmico eléctricamente no conductor de la serie Minus Pad Basic, con conductividad térmica de 6.5 W/mk. Deriva del Minus Pad 8, con mejor conductividad y relación precio-rendimiento. Apto para SSD, disipadores de GPU, reguladores de voltaje y módulos de memoria. Formato 100 x 100 x 2.0 mm, paquete de 2 piezas.",out of stock,new,384.68 MXN,https://catalogo.quantum-imports.com/?sku=TG-MP-A-100-100-20-2,https://catalogo.quantum-imports.com/images/tg/tg-mp-a-100-100-20-2.jpg,THERMAL GRIZZLY,Pads térmicos
TG-AS-3,THERMAL GRIZZLY ESPATULAS (3 PZAS),"Set de 3 espátulas de plástico suave para aplicar y esparcir pasta térmica de forma pareja y precisa sobre CPU, GPU y disipadores. Al ser blandas no rayan las superficies ni reaccionan con los componentes metálicos, y son reutilizables y fáciles de limpiar.",out of stock,new,77.99 MXN,https://catalogo.quantum-imports.com/?sku=TG-AS-3,https://catalogo.quantum-imports.com/images/tg/tg-as-3.jpg?v3,THERMAL GRIZZLY,Accesorios
TG-AL-3,THERMAL GRIZZLY APLICADORES METAL LIQUIDO (3 PZAS),"Set de 3 aplicadores para distribuir metal líquido, como Conductonaut, en una capa fina y uniforme sobre la superficie de contacto. Facilitan una aplicación controlada del compuesto y ayudan a evitar excesos.",out of stock,new,90.96 MXN,https://catalogo.quantum-imports.com/?sku=TG-AL-3,https://catalogo.quantum-imports.com/images/tg/tg-al-3.jpg?v3,THERMAL GRIZZLY,Accesorios
TG-WV-P38N,THERMAL GRIZZLY WIREVIEW GPU 3X8PIN PCIE NORMAL,"Medidor de consumo eléctrico para tarjetas gráficas con conectores 3x8 pin PCIe (versión Normal). Se instala entre los conectores de la GPU y los cables de la fuente, y muestra en pantalla OLED la potencia en watts, el voltaje en volts y la corriente en amperes, con valores mínimo, máximo y promedio. Su forma en U ordena el cableado mientras monitorea el consumo en tiempo real.",in stock,new,1115.92 MXN,https://catalogo.quantum-imports.com/?sku=TG-WV-P38N,https://catalogo.quantum-imports.com/images/tg/tg-wv-p38n.jpg,THERMAL GRIZZLY,WireView
TG-WV-H1N,THERMAL GRIZZLY WIREVIEW GPU 1X12VHPWR NORMAL,"Dispositivo de medición de consumo para tarjetas gráficas con conector 12VHPWR. Se intercala entre la GPU y los cables de la fuente y muestra en pantalla OLED la potencia en watts, el voltaje y la corriente en tiempo real. Versión Normal, con el clip del conector orientado hacia afuera del PCB; su forma en U ordena el ruteo del cable sobre el backplate.",in stock,new,1048.64 MXN,https://catalogo.quantum-imports.com/?sku=TG-WV-H1N,https://catalogo.quantum-imports.com/images/tg/tg-wv-h1n.jpg,THERMAL GRIZZLY,WireView
TG-WV-H1R,THERMAL GRIZZLY WIREVIEW GPU 1X12VHPWR REVERSED,"Dispositivo de medición de consumo para tarjetas gráficas con conector 12VHPWR. Se intercala entre la GPU y los cables de la fuente y muestra en pantalla OLED la potencia en watts, el voltaje y la corriente en tiempo real. Versión Reversed, con el clip del conector orientado hacia el PCB; su forma en U ordena el ruteo del cable sobre el backplate.",in stock,new,1048.64 MXN,https://catalogo.quantum-imports.com/?sku=TG-WV-H1R,https://catalogo.quantum-imports.com/images/tg/tg-wv-h1r.jpg,THERMAL GRIZZLY,WireView
TG-WV-P38H1N,THERMAL GRIZZLY WIREVIEW GPU 1X12VHPWR TO 3X8PIN PCIE NORMAL,"Medidor de consumo para GPU que conecta a la tarjeta por 12VHPWR y a la fuente mediante tres conectores PCIe de 8 pines. Muestra en pantalla OLED la potencia en watts, el voltaje y la corriente en tiempo real. Versión Normal, con el clip del conector orientado hacia afuera del PCB.",in stock,new,1115.92 MXN,https://catalogo.quantum-imports.com/?sku=TG-WV-P38H1N,https://catalogo.quantum-imports.com/images/tg/tg-wv-p38h1n.jpg,THERMAL GRIZZLY,WireView
TG-WV-P38H1R,THERMAL GRIZZLY WIREVIEW GPU 1X12VHPWR TO 3X8PIN PCIE REVERSED,"Medidor de consumo para GPU que conecta a la tarjeta por 12VHPWR y a la fuente mediante tres conectores PCIe de 8 pines. Muestra en pantalla OLED la potencia en watts, el voltaje y la corriente en tiempo real. Versión Reversed, con el clip del conector orientado hacia el PCB.",in stock,new,1115.92 MXN,https://catalogo.quantum-imports.com/?sku=TG-WV-P38H1R,https://catalogo.quantum-imports.com/images/tg/tg-wv-p38h1r.jpg,THERMAL GRIZZLY,WireView
TG-AR-100,THERMAL GRIZZLY  REMOVE - 10ML,"Limpiador a base de acetona para retirar pasta térmica y residuos. Desengrasa y prepara la superficie del CPU o GPU antes de una nueva aplicación, y remueve tanto pastas convencionales como metal líquido tipo Conductonaut. Presentación de 10 ml.",in stock,new,278.40 MXN,https://catalogo.quantum-imports.com/?sku=TG-AR-100,https://catalogo.quantum-imports.com/images/tg/tg-ar-100.jpg,THERMAL GRIZZLY,Accesorios
TG-CW-10,THERMAL GRIZZLY CLEANING WIPES,"Toallitas de limpieza en diez paquetes dobles, cada uno con dos toallitas húmedas y dos secas. Las húmedas desengrasan la superficie para que la pasta térmica o el metal líquido adhieran mejor. Pensadas para retirar residuos de pasta antes de reaplicar.",out of stock,new,261.32 MXN,https://catalogo.quantum-imports.com/?sku=TG-CW-10,https://catalogo.quantum-imports.com/images/tg/tg-cw-10.jpg,THERMAL GRIZZLY,Accesorios
TG-KIS-10-60-50,THERMAL GRIZZLY  KAPTON INSULATION SHEET,"Lámina aislante de Kapton para enmascarar componentes al aplicar materiales conductores como Conductonaut, Carbonaut o KryoSheet, protegiendo los SMDs alrededor del die del CPU o GPU. Se entrega en 10 hojas de 5 tiras adhesivas cada una; cada tira mide 10 mm de ancho por 60 mm de largo y 40 µm de espesor.",out of stock,new,117.12 MXN,https://catalogo.quantum-imports.com/?sku=TG-KIS-10-60-50,https://catalogo.quantum-imports.com/images/tg/tg-kis-10-60-50.jpg?v3,THERMAL GRIZZLY,Accesorios
TG-WV-P-H1R,THERMAL GRIZZLY WIREVIEW PRO GPU 1X12VHPWR REVERSED,"Medidor avanzado de consumo para GPU con conector 12VHPWR y pantalla OLED que muestra potencia, voltaje, corriente, watts-hora y valores pico. Suma sensores de temperatura, detección del cable (150, 300, 450 o 600 W) y una alarma sonora que avisa si se supera el límite de temperatura o corriente o si el cable queda mal conectado. Versión Reversed.",in stock,new,1937.20 MXN,https://catalogo.quantum-imports.com/?sku=TG-WV-P-H1R,https://catalogo.quantum-imports.com/images/tg/tg-wv-p-h1r.jpg,THERMAL GRIZZLY,WireView
TG-PS-50-40,THERMAL GRIZZLY PHASESHEET PTM 50X40 MM HS,"Pad térmico de material de cambio de fase de 50x40 mm y 0.2 mm de espesor. Sólido a temperatura ambiente para facilitar la aplicación, se licúa por encima de 45°C y trabaja como pasta térmica una vez en operación. Eléctricamente no conductor, opera de -75°C a +150°C y requiere alta presión de contacto para su distribución óptima; para CPU y GPU.",in stock,new,225.04 MXN,https://catalogo.quantum-imports.com/?sku=TG-PS-50-40,https://catalogo.quantum-imports.com/images/tg/tg-ps-50-40.jpg,THERMAL GRIZZLY,Pads térmicos
TG-LT-I13G,THERMAL GRIZZLY INTEL 13TH GEN CPU CONTACT FRAME,"Marco de contacto para procesadores Intel LGA1700 (12ª, 13ª y 14ª generación) que reemplaza el mecanismo de carga estándar (ILM) de la placa. Evita el pandeo cóncavo del IHS provocado por el ILM original y optimiza la presión sobre el CPU, mejorando el contacto con el disipador y reduciendo temperaturas.",out of stock,new,632.16 MXN,https://catalogo.quantum-imports.com/?sku=TG-LT-I13G,https://catalogo.quantum-imports.com/images/tg/tg-lt-i13g.webp,THERMAL GRIZZLY,Overclocking y modding
TG-DDM-R7000-R,THERMAL GRIZZLY RYZEN 7000 DELID-DIE-MATE,"Herramienta para retirar el heatspreader (delidding) de procesadores AMD Ryzen 7000. Fabricada en aluminio anodizado, aplica presión pareja y se opera con llave Allen para una extracción controlada que protege los componentes. Permite montar el disipador directamente sobre los dies; con metal líquido como Conductonaut las temperaturas bajan de 10 a 20°C. Delidear el CPU anula la garantía del fabricante.",in stock,new,1150.72 MXN,https://catalogo.quantum-imports.com/?sku=TG-DDM-R7000-R,https://catalogo.quantum-imports.com/images/tg/tg-ddm-r7000-r.jpg,THERMAL GRIZZLY,Overclocking y modding
TG-DDF-R7000-R,THERMAL GRIZZLY RYZEN 7000 DIRECT DIE FRAME,"Marco de montaje para instalar procesadores Ryzen 7000 sin el heatspreader integrado, con el disipador directamente sobre los chiplets. Protege los dies expuestos de la presión del disipador y evita daños al CPU o a la memoria. Al eliminar el heatspreader del recorrido térmico, con metal líquido como Conductonaut las temperaturas bajan de 10 a 20°C.",in stock,new,846.80 MXN,https://catalogo.quantum-imports.com/?sku=TG-DDF-R7000-R,https://catalogo.quantum-imports.com/images/tg/tg-ddf-r7000-r.jpg,THERMAL GRIZZLY,Overclocking y modding
TG-CF-i1700-LT,THERMAL GRIZZLY CPU CONTACT FRAME INTEL 1700 LT HS,"Marco de contacto para socket Intel LGA1700 en su versión LT. Sustituye el ILM estándar de la placa para evitar el pandeo del IHS y optimizar la presión sobre el CPU, mejorando el contacto con el disipador y las temperaturas.",out of stock,new,223.34 MXN,https://catalogo.quantum-imports.com/?sku=TG-CF-i1700-LT,https://catalogo.quantum-imports.com/images/tg/tg-cf-i1700-lt.jpg?v3,THERMAL GRIZZLY,Overclocking y modding
TG-HPHS-i-V1,THERMAL GRIZZLY INTEL HIGH PERFORMANCE HEATSPREADER V1,"Heatspreader de reemplazo para CPUs Intel de 12ª, 13ª y 14ª generación, en cobre niquelado con superficie fresada a diamante 207% más grande. Reemplaza el IHS de fábrica y el ILM de la placa, y solo se usa con procesadores delideados. En pruebas de Thermal Grizzly con un Core i5-14600K redujo la temperatura 14.8°C frente al IHS estándar.",in stock,new,1034.72 MXN,https://catalogo.quantum-imports.com/?sku=TG-HPHS-i-V1,https://catalogo.quantum-imports.com/images/tg/tg-hphs-i-v1.jpg,THERMAL GRIZZLY,Overclocking y modding
TG-HPHS-AM5,THERMAL GRIZZLY AM5 HIGH PERFORMANCE HEATSPREADER,"Heatspreader de reemplazo para procesadores AMD Ryzen 7000, en cobre niquelado con superficie fresada a diamante 240% más grande. El niquelado es compatible con pastas térmicas convencionales y con metal líquido a base de galio, formando una barrera entre el metal líquido y el cobre. Requiere delidear el CPU, lo que anula la garantía del fabricante.",in stock,new,1034.72 MXN,https://catalogo.quantum-imports.com/?sku=TG-HPHS-AM5,https://catalogo.quantum-imports.com/images/tg/tg-hphs-am5.jpg,THERMAL GRIZZLY,Overclocking y modding
TG-CF-I1851-V1,THERMAL GRIZZLY CPU CONTACT FRAME INTEL 1851 V1,Marco de contacto para procesadores Intel Core Ultra Serie 200 en socket LGA1851. Reemplaza el ILM estándar para evitar el pandeo cóncavo del IHS y mejorar el contacto con el disipador. Thermal Grizzly reporta reducciones de hasta 4°C respecto al RL-ILM y hasta 6°C respecto al ILM estándar.,in stock,new,582.32 MXN,https://catalogo.quantum-imports.com/?sku=TG-CF-I1851-V1,https://catalogo.quantum-imports.com/images/tg/tg-cf-i1851-v1.jpg,THERMAL GRIZZLY,Overclocking y modding
TG-MY-DD-P-RGB-i-V1,THERMAL GRYZZLY INTEL MYCRO DIRECT-DIE PRO RGB V1,"Bloque de agua direct-die con microaletas, jet plate y RGB para CPUs Intel LGA1700 delideados. Base de cobre niquelada que se monta directamente sobre el silicio del procesador; la versión Pro suma más aletas y menor resistencia al flujo. LEDs RGB bajo la tapa de aluminio, controlables por header ARGB de 3 pines. Delidear el CPU anula la garantía del fabricante.",in stock,new,3159.84 MXN,https://catalogo.quantum-imports.com/?sku=TG-MY-DD-P-RGB-i-V1,https://catalogo.quantum-imports.com/images/tg/tg-my-dd-p-rgb-i-v1.jpg,THERMAL GRIZZLY,Overclocking y modding
TG-MY-DD-P-RGB-AMD-V1,THERMAL GRIZZLY AMD MYCRO DIRECT-DIE PRO RGB V1,"Bloque de agua direct-die con microaletas, jet plate y RGB para CPUs AMD AM5 delideados. Base de cobre niquelada que se monta directamente sobre el silicio del procesador; frente a la versión estándar ofrece estructura híbrida de microaletas y menor resistencia al flujo. LEDs RGB bajo la tapa de aluminio, controlables por header ARGB de 3 pines. Delidear el CPU anula la garantía del fabricante.",in stock,new,3046.16 MXN,https://catalogo.quantum-imports.com/?sku=TG-MY-DD-P-RGB-AMD-V1,https://catalogo.quantum-imports.com/images/tg/tg-my-dd-p-rgb-amd-v1.jpg,THERMAL GRIZZLY,Overclocking y modding
ACTCP00002B,ARCTIC PASTA TERMICA MX 4 4G,"Pasta térmica de alto rendimiento a base de microparticulas de carbono, libre de metales y no conductora eléctricamente, sin riesgo de cortocircuito al aplicarla. Presentación de 4 g, con rango de operación de -50 a 150 grados C y densidad de 2.5 g/cm3. Apta para CPU y GPU.",in stock,new,200.87 MXN,https://catalogo.quantum-imports.com/?sku=ACTCP00002B,https://catalogo.quantum-imports.com/images/arctic/actcp00002b.png,ARCTIC,PASTA TERMICA DE ALTO RENDIMIENTO
ACTCP00031B,ARCTIC PASTA TERMICA MX 4 4G CON SPATULA,"Pasta térmica de alto rendimiento a base de microparticulas de carbono, libre de metales y no conductora eléctricamente. Presentación de 4 g con espátula aplicadora incluida para dosificar y extender la pasta. Rango de operación de -50 a 150 grados C, apta para CPU y GPU.",out of stock,new,218.02 MXN,https://catalogo.quantum-imports.com/?sku=ACTCP00031B,https://catalogo.quantum-imports.com/images/arctic/actcp00031b.png,ARCTIC,PASTA TERMICA DE ALTO RENDIMIENTO
ACTCP00008B,ARCTIC PASTA TERMICA MX 4 8G,"Pasta térmica de alto rendimiento a base de microparticulas de carbono, libre de metales y no conductora eléctricamente, sin riesgo de cortocircuito. Presentación de 8 g, ideal para múltiples aplicaciones. Rango de operación de -50 a 150 grados C, densidad de 2.5 g/cm3.",out of stock,new,279.40 MXN,https://catalogo.quantum-imports.com/?sku=ACTCP00008B,https://catalogo.quantum-imports.com/images/arctic/actcp00008b.png,ARCTIC,PASTA TERMICA DE ALTO RENDIMIENTO
ACTCP00059A,ARCTIC PASTA TERMICA MX-4 8G CON SPATULA,"Pasta térmica de alto rendimiento a base de microparticulas de carbono, libre de metales y no conductora eléctricamente. Presentación de 8 g con espátula aplicadora incluida. Rango de operación de -50 a 150 grados C, apta para CPU y GPU.",out of stock,new,272.32 MXN,https://catalogo.quantum-imports.com/?sku=ACTCP00059A,https://catalogo.quantum-imports.com/images/arctic/actcp00059a.jpg,ARCTIC,PASTA TERMICA DE ALTO RENDIMIENTO
ACTCP00001B,ARCTIC PASTA TERMICA MX 4 20G,"Pasta térmica de alto rendimiento a base de microparticulas de carbono, libre de metales y no conductora eléctricamente. Presentación de 20 g, pensada para uso frecuente o de taller. Rango de operación de -50 a 150 grados C, densidad de 2.5 g/cm3.",in stock,new,481.36 MXN,https://catalogo.quantum-imports.com/?sku=ACTCP00001B,https://catalogo.quantum-imports.com/images/arctic/actcp00001b.png,ARCTIC,PASTA TERMICA DE ALTO RENDIMIENTO
ACTCP00024A,ARCTIC PASTA TERMICA MX 4 45G,"Pasta térmica de alto rendimiento a base de microparticulas de carbono, libre de metales y no conductora eléctricamente. Presentación de 45 g, la más grande de la línea MX-4, para uso intensivo o profesional. Rango de operación de -50 a 150 grados C.",out of stock,new,920.13 MXN,https://catalogo.quantum-imports.com/?sku=ACTCP00024A,https://catalogo.quantum-imports.com/images/arctic/actcp00024a.jpg,ARCTIC,PASTA TERMICA DE ALTO RENDIMIENTO
ACTCP00079A,ARCTIC PASTA TERMICA MX-6 2G,"Pasta térmica de rendimiento ULTIMATE con portador de gel de silicona y partículas cerámicas, sin metales líquidos ni polvo de diamante. No es conductora ni capacitiva, por lo que elimina el riesgo de cortocircuitos. Presentación de 2 g, con cerca de 20% menos resistencia térmica que la MX-4.",out of stock,new,152.74 MXN,https://catalogo.quantum-imports.com/?sku=ACTCP00079A,https://catalogo.quantum-imports.com/images/arctic/ACTCP00079A.jpg?v3,ARCTIC,PASTA TERMICA DE ALTO RENDIMIENTO
ACTCP00080A,ARCTIC PASTA TERMICA MX-6 4G,"Pasta térmica de rendimiento ULTIMATE con portador de gel de silicona y partículas cerámicas, libre de metales líquidos. No es conductora ni capacitiva, sin riesgo de cortocircuitos. Presentación de 4 g, con cerca de 20% menos resistencia térmica que la MX-4 y densidad de 2.6 g/cm3.",out of stock,new,210.55 MXN,https://catalogo.quantum-imports.com/?sku=ACTCP00080A,https://catalogo.quantum-imports.com/images/arctic/ACTCP00080A.jpg?v3,ARCTIC,PASTA TERMICA DE ALTO RENDIMIENTO
ACTCP00084A,ARCTIC PASTA TERMICA MX-6 4G CON 6 TOALLITAS LIMPIADORAS,"Pasta térmica de rendimiento ULTIMATE con partículas cerámicas, no conductora ni capacitiva y sin metales líquidos. Presentación de 4 g que incluye 6 toallitas limpiadoras para retirar residuos antes de aplicar. Ofrece cerca de 20% menos resistencia térmica que la MX-4.",out of stock,new,282.90 MXN,https://catalogo.quantum-imports.com/?sku=ACTCP00084A,https://catalogo.quantum-imports.com/images/arctic/ACTCP00084A.jpg?v3,ARCTIC,PASTA TERMICA DE ALTO RENDIMIENTO
ACTCP00081A,ARCTIC PASTA TERMICA MX-6 (8G) (CN),"Pasta térmica de rendimiento ULTIMATE con portador de gel de silicona y partículas cerámicas, sin metales líquidos. No es conductora ni capacitiva, sin riesgo de cortocircuitos. Presentación de 8 g, con cerca de 20% menos resistencia térmica que la MX-4.",out of stock,new,385.50 MXN,https://catalogo.quantum-imports.com/?sku=ACTCP00081A,https://catalogo.quantum-imports.com/images/arctic/actcp00081a.jpg,ARCTIC,PASTA TERMICA DE ALTO RENDIMIENTO
ACTCP00089A,ARCTIC PASTA TERMICA MX-7 2G,"Pasta térmica de rendimiento ULTIMATE con consistencia densa y viscosa por su alto contenido de relleno, libre de metales y no conductora ni capacitiva. Densidad de 2.9 g/cm3 y rango de operación de -50 a 250 grados C. Presentación de 2 g, apta para CPU, GPU, laptops y procesadores de consola.",out of stock,new,157.61 MXN,https://catalogo.quantum-imports.com/?sku=ACTCP00089A,https://catalogo.quantum-imports.com/images/arctic/actcp00089a.jpg,ARCTIC,PASTA TERMICA DE ALTO RENDIMIENTO
ACTCP00090A,ARCTIC PASTA TERMICA MX-7 4G,"Pasta térmica de rendimiento ULTIMATE con consistencia densa y viscosa por su alto contenido de relleno, libre de metales y no conductora ni capacitiva. Densidad de 2.9 g/cm3 y rango de operación de -50 a 250 grados C. Presentación de 4 g, apta para CPU, GPU, laptops y procesadores de consola.",out of stock,new,240.70 MXN,https://catalogo.quantum-imports.com/?sku=ACTCP00090A,https://catalogo.quantum-imports.com/images/arctic/actcp00090a.jpg,ARCTIC,PASTA TERMICA DE ALTO RENDIMIENTO
ACTCP00092A,ARCTIC PASTA TERMICA MX-7 4G CON 6 TOALLITAS LIMPIADORAS,"Pasta térmica de rendimiento ULTIMATE con consistencia densa y viscosa, libre de metales y no conductora ni capacitiva. Presentación de 4 g que incluye 6 toallitas limpiadoras para preparar la superficie antes de aplicar. Rango de operación de -50 a 250 grados C.",out of stock,new,289.28 MXN,https://catalogo.quantum-imports.com/?sku=ACTCP00092A,https://catalogo.quantum-imports.com/images/arctic/actcp00092a.jpg,ARCTIC,PASTA TERMICA DE ALTO RENDIMIENTO
ACTCP00091A,ARCTIC PASTA TERMICA MX-7 8G,"Pasta térmica de rendimiento ULTIMATE con consistencia densa y viscosa por su alto contenido de relleno, libre de metales y no conductora ni capacitiva. Densidad de 2.9 g/cm3 y rango de operación de -50 a 250 grados C. Presentación de 8 g, apta para CPU, GPU, laptops y procesadores de consola.",out of stock,new,370.68 MXN,https://catalogo.quantum-imports.com/?sku=ACTCP00091A,https://catalogo.quantum-imports.com/images/arctic/actcp00091a.jpg,ARCTIC,PASTA TERMICA DE ALTO RENDIMIENTO
ACFAN00175A,ARCTIC ADAPTADOR SPLITTER PARA 10 VENTILADORES CASE FAN HUB,"Hub PWM de 10 puertos para ventiladores de gabinete. Se alimenta directo de la fuente por conector SATA, sin pérdida de voltaje, y replica una sola señal PWM del motherboard a los 10 ventiladores de forma sincronizada, devolviendo las RPM del primer puerto al sistema. Incluye tira magnética y adhesivo para montarlo en cualquier parte del gabinete, con salida de 1 A por puerto.",out of stock,new,320.45 MXN,https://catalogo.quantum-imports.com/?sku=ACFAN00175A,https://catalogo.quantum-imports.com/images/arctic/acfan00175a.jpg,ARCTIC,ADAPTADOR
ACFRE00161A,ARCTIC DISIPADOR 8A,"Disipador de aire compacto para procesadores AMD (AM5 y AM4), sucesor del Freezer 7 X. Torre de 136 mm de alto con dos heatpipes de cobre de 6 mm en contacto directo y ventilador P10 PWM de 100 mm que opera de 200 a 2300 rpm. Trae pasta térmica MX-6 preaplicada.",in stock,new,680.60 MXN,https://catalogo.quantum-imports.com/?sku=ACFRE00161A,https://catalogo.quantum-imports.com/images/arctic/acfre00161a.jpg,ARCTIC,DISIPADOR DE AIRE DE ALTO RENDIMIENTO
ACFRE00190A,ARCTIC DISIPADOR 8i,"Disipador de aire compacto para procesadores Intel (LGA1700 y LGA1851), sucesor del Freezer 7 X. Torre de 136 mm de alto con heatpipes de cobre de 6 mm en contacto directo y ventilador PWM de 100 mm que opera de 200 a 2300 rpm. Trae pasta térmica MX-6 preaplicada.",in stock,new,692.11 MXN,https://catalogo.quantum-imports.com/?sku=ACFRE00190A,https://catalogo.quantum-imports.com/images/arctic/acfre00190a.jpg,ARCTIC,DISIPADOR DE AIRE DE ALTO RENDIMIENTO
ACFRE00162A,ARCTIC DISIPADOR 8A CO,"Versión para operación continua (24/7) del Freezer 8A, para procesadores AMD (AM5 y AM4). Usa ventilador de 100 mm PWM con balero de doble bola para mayor vida útil en uso permanente y trae pasta térmica MX-6 preaplicada. Diseño compacto para gabinetes reducidos.",in stock,new,782.58 MXN,https://catalogo.quantum-imports.com/?sku=ACFRE00162A,https://catalogo.quantum-imports.com/images/arctic/acfre00162a.jpg,ARCTIC,DISIPADOR DE AIRE DE ALTO RENDIMIENTO
ACFRE00191A,ARCTIC DISIPADOR 8i CO,"Versión para operación continua (24/7) del Freezer 8i, para procesadores Intel (LGA1700 y LGA1851). Usa ventilador de 100 mm PWM con balero de doble bola para mayor vida útil en uso permanente y trae pasta térmica MX-6 preaplicada. Diseño compacto para gabinetes reducidos.",in stock,new,820.07 MXN,https://catalogo.quantum-imports.com/?sku=ACFRE00191A,https://catalogo.quantum-imports.com/images/arctic/acfre00191a.jpg,ARCTIC,DISIPADOR DE AIRE DE ALTO RENDIMIENTO
ACFRE00124A,ARCTIC DISIPADOR FREEZER 36 A-RGB (BLACK),"Disipador de aire tipo torre con configuración push-pull y dos ventiladores P12 PWM PST A-RGB de 120 mm (200 a 2000 rpm, balero fluido dinámico). Lleva cuatro heatpipes de cobre de 6 mm en U y 12 LEDs A-RGB direccionables compatibles con las principales placas base. Compatible con Intel LGA1700/LGA1851 y AMD AM4/AM5, con pasta MX-6 incluida. Acabado negro.",in stock,new,953.11 MXN,https://catalogo.quantum-imports.com/?sku=ACFRE00124A,https://catalogo.quantum-imports.com/images/arctic/acfre00124a.jpg?v3,ARCTIC,DISIPADOR DE AIRE DE ALTO RENDIMIENTO
ACFRE00125A,ARCTIC DISIPADOR FREEZER 36 A-RGB (WHITE),"Disipador de aire tipo torre con configuración push-pull y dos ventiladores P12 PWM PST A-RGB de 120 mm (200 a 2000 rpm, balero fluido dinámico). Lleva cuatro heatpipes de cobre de 6 mm en U y 12 LEDs A-RGB direccionables compatibles con las principales placas base. Compatible con Intel LGA1700/LGA1851 y AMD AM4/AM5, con pasta MX-6 incluida. Acabado blanco.",in stock,new,1169.28 MXN,https://catalogo.quantum-imports.com/?sku=ACFRE00125A,https://catalogo.quantum-imports.com/images/arctic/acfre00125a.jpg?v3,ARCTIC,DISIPADOR DE AIRE DE ALTO RENDIMIENTO
ACFRE00151A,ARCTIC LIQUID FREEZER III - 280 A-RGB (WHITE),Enfriamiento líquido todo en uno con radiador de 280 mm y dos ventiladores P14 PWM PST A-RGB de 140 mm que operan de 200 a 1900 rpm. Integra ventilador para VRM sobre la bomba controlada por PWM e iluminación A-RGB. Compatible con Intel LGA1700/LGA1851 y AMD AM4/AM5. Acabado blanco.,in stock,new,2208.05 MXN,https://catalogo.quantum-imports.com/?sku=ACFRE00151A,https://catalogo.quantum-imports.com/images/arctic/acfre00151a.png,ARCTIC,DISIPADOR DE LIQUIDO
ACFRE00182A,ARCTIC LIQUID FREEZER III PRO 240 A-RGB (BLACK),"Enfriamiento líquido todo en uno de la serie Pro con radiador de 240 mm y 38 mm de grosor, con dos ventiladores P12 Pro A-RGB de 120 mm (diseño de 7 aspas, hasta 3000 rpm). Bomba controlada por PWM con ventilador para VRM integrado e iluminación A-RGB direccionable. Compatible con Intel LGA1700/LGA1851 y AMD AM4/AM5. Acabado negro.",out of stock,new,2105.73 MXN,https://catalogo.quantum-imports.com/?sku=ACFRE00182A,https://catalogo.quantum-imports.com/images/arctic/acfre00182a.jpg?v3,ARCTIC,DISIPADOR DE LIQUIDO
ACFRE00183A,ARCTIC LIQUID FREEZER III PRO 280 A-RGB (BLACK),"Enfriamiento líquido todo en uno de la serie Pro con radiador de 280 mm y 38 mm de grosor, con dos ventiladores de 140 mm (diseño de 7 aspas). Bomba controlada por PWM con ventilador para VRM integrado e iluminación A-RGB direccionable. Compatible con Intel LGA1700/LGA1851 y AMD AM4/AM5. Acabado negro.",out of stock,new,2355.37 MXN,https://catalogo.quantum-imports.com/?sku=ACFRE00183A,https://catalogo.quantum-imports.com/images/arctic/acfre00183a.jpg?v3,ARCTIC,DISIPADOR DE LIQUIDO
ACFRE00184A,ARCTIC LIQUID FREEZER III PRO 360 A-RGB (BLACK),"Enfriamiento líquido todo en uno de la serie Pro con radiador de 360 mm y 38 mm de grosor, con tres ventiladores P12 Pro A-RGB de 120 mm (diseño de 7 aspas, hasta 3000 rpm). Bomba controlada por PWM con ventilador para VRM integrado e iluminación A-RGB direccionable. Compatible con Intel LGA1700/LGA1851 y AMD AM4/AM5. Acabado negro.",out of stock,new,2500.45 MXN,https://catalogo.quantum-imports.com/?sku=ACFRE00184A,https://catalogo.quantum-imports.com/images/arctic/acfre00184a.jpg?v3,ARCTIC,DISIPADOR DE LIQUIDO
ACFRE00188A,ARCTIC LIQUID FREEZER III PRO 360 A-RGB (WHITE),"Enfriamiento líquido todo en uno de la serie Pro con radiador de 360 mm y 38 mm de grosor, con tres ventiladores P12 Pro A-RGB de 120 mm (diseño de 7 aspas, hasta 3000 rpm). Bomba controlada por PWM con ventilador para VRM integrado e iluminación A-RGB direccionable. Compatible con Intel LGA1700/LGA1851 y AMD AM4/AM5. Acabado blanco.",out of stock,new,2697.02 MXN,https://catalogo.quantum-imports.com/?sku=ACFRE00188A,https://catalogo.quantum-imports.com/images/arctic/acfre00188a.jpg?v3,ARCTIC,DISIPADOR DE LIQUIDO
ACFRE00185A,ARCTIC LIQUID FREEZER III PRO 420 A-RGB,"Enfriamiento líquido todo en uno de la serie Pro con radiador de 420 mm y 38 mm de grosor, con tres ventiladores de 140 mm (diseño de 7 aspas). Bomba controlada por PWM con ventilador para VRM integrado e iluminación A-RGB direccionable. Compatible con Intel LGA1700/LGA1851 y AMD AM4/AM5. Es la configuración de mayor superficie de disipación de la serie.",out of stock,new,2870.35 MXN,https://catalogo.quantum-imports.com/?sku=ACFRE00185A,https://catalogo.quantum-imports.com/images/arctic/acfre00185a.jpg?v3,ARCTIC,DISIPADOR DE LIQUIDO
ACFRE00189A,ARCTIC LIQUID FREEZER III PRO 420 A-RGB (WHITE),"Enfriamiento líquido todo en uno de la serie Pro con radiador de 420 mm y 38 mm de grosor, con tres ventiladores de 140 mm (diseño de 7 aspas). Bomba controlada por PWM con ventilador para VRM integrado e iluminación A-RGB direccionable. Compatible con Intel LGA1700/LGA1851 y AMD AM4/AM5. Acabado blanco.",out of stock,new,3018.67 MXN,https://catalogo.quantum-imports.com/?sku=ACFRE00189A,https://catalogo.quantum-imports.com/images/arctic/acfre00189a.jpg?v3,ARCTIC,DISIPADOR DE LIQUIDO
ACFAN00093A,ARCTIC VENTILADOR BIONIX F120 PWM PST (BLACK/WHITE),"Ventilador gaming de 120 mm con tecnología PWM Sharing (PST) que permite controlar varios ventiladores en cadena con una sola señal. Opera de 200 a 1800 rpm, con conector de 4 pines y motor que absorbe hasta 95% de las vibraciones frente a un motor DC convencional. Incluye cable splitter. Acabado negro/blanco.",out of stock,new,313.38 MXN,https://catalogo.quantum-imports.com/?sku=ACFAN00093A,https://catalogo.quantum-imports.com/images/arctic/acfan00093a.jpg,ARCTIC,VENTILADOR
ACFAN00164A,ARCTIC VENTILADOR BIONIX F120 PWM PST (GREY/WHITE),"Ventilador gaming de 120 mm con tecnología PWM Sharing (PST) que permite controlar varios ventiladores en cadena con una sola señal. Opera de 200 a 1800 rpm, con conector de 4 pines y motor que absorbe hasta 95% de las vibraciones. Incluye cable splitter. Acabado gris/blanco.",out of stock,new,284.02 MXN,https://catalogo.quantum-imports.com/?sku=ACFAN00164A,https://catalogo.quantum-imports.com/images/arctic/acfan00164a.jpg,ARCTIC,VENTILADOR
ACFAN00248A,ARCTIC VENTILADOR F12 (Black) - 5 Pack,"Ventilador estándar de 120 mm para gabinete, de velocidad fija a 1350 rpm con conector de 3 pines y balero fluido dinámico. Motor silencioso apto para instalación en push o pull. Paquete de 5 piezas, acabado negro.",out of stock,new,401.18 MXN,https://catalogo.quantum-imports.com/?sku=ACFAN00248A,https://catalogo.quantum-imports.com/images/arctic/acfan00248a.jpg,ARCTIC,VENTILADOR
ACFAN00250A,ARCTIC VENTILADOR F12 PWM PST (BLACK) - 5 PACK,"Ventilador de 120 mm con control PWM y tecnología PWM Sharing (PST) para sincronizar varios ventiladores en cadena. Rango de 230 a 1350 rpm, conector de 4 pines con cable splitter y balero fluido dinámico. Paquete de 5 piezas, acabado negro.",out of stock,new,620.04 MXN,https://catalogo.quantum-imports.com/?sku=ACFAN00250A,https://catalogo.quantum-imports.com/images/arctic/acfan00250a.jpg,ARCTIC,VENTILADOR
ACFAN00233A,ARCTIC VENTILADOR F14 (BLACK) - 5 PACK,"Ventilador estándar de 140 mm para gabinete, de velocidad fija a 1350 rpm con conector de 3 pines y balero fluido dinámico. Motor muy silencioso apto para push o pull. Paquete de 5 piezas, acabado negro.",out of stock,new,643.15 MXN,https://catalogo.quantum-imports.com/?sku=ACFAN00233A,https://catalogo.quantum-imports.com/images/arctic/acfan00233a.jpg,ARCTIC,VENTILADOR
ACFAN00245A,ARCTIC VENTILADOR F8 SILENT (BLACK),"Ventilador de 80 mm optimizado para sistemas silenciosos, de velocidad fija a 1200 rpm con conector de 3 pines y balero fluido dinámico. Motor casi inaudible (0.08 Sone), apto para instalación en push o pull. Acabado negro.",out of stock,new,159.77 MXN,https://catalogo.quantum-imports.com/?sku=ACFAN00245A,https://catalogo.quantum-imports.com/images/arctic/acfan00245a.jpg?v3,ARCTIC,VENTILADOR
ACFAN00249A,ARCTIC VENTILADOR F9 (BLACK) - 5 PACK,"Ventilador estándar de 92 mm para gabinete, de velocidad fija a 1800 rpm con conector de 3 pines y balero fluido dinámico. Solución sencilla y silenciosa para renovar aire. Paquete de 5 piezas, acabado negro.",out of stock,new,612.82 MXN,https://catalogo.quantum-imports.com/?sku=ACFAN00249A,https://catalogo.quantum-imports.com/images/arctic/acfan00249a.jpg,ARCTIC,VENTILADOR
ACFAN00118A,ARCTIC VENTILADOR P12 (Black),"Ventilador de 120 mm optimizado para presión estática, de velocidad fija a 1800 rpm con conector de 3 pines y balero fluido dinámico. Ideal para radiadores y disipadores. Acabado negro.",out of stock,new,133.39 MXN,https://catalogo.quantum-imports.com/?sku=ACFAN00118A,https://catalogo.quantum-imports.com/images/arctic/acfan00118a.jpg,ARCTIC,VENTILADOR
ACFAN00135A,ARCTIC VENTILADOR P12 (BLACK) - 5 PACK,"Ventilador de 120 mm optimizado para presión estática, de velocidad fija a 1800 rpm con conector de 3 pines y balero fluido dinámico. Ideal para radiadores y disipadores. Paquete de 5 piezas, acabado negro.",out of stock,new,455.43 MXN,https://catalogo.quantum-imports.com/?sku=ACFAN00135A,https://catalogo.quantum-imports.com/images/arctic/acfan00135a.jpg,ARCTIC,VENTILADOR
ACFAN00289A,ARCTIC VENTILADOR P12 MAX (BLACK) PWM - 5 PACK,"Ventilador de 120 mm de alto desempeño con control PWM de 200 a 3300 rpm, optimizado para presión estática. Incluye modo 0 dB (se detiene por debajo de 5% PWM) y balero fluido dinámico. Paquete de 5 piezas, acabado negro.",out of stock,new,831.74 MXN,https://catalogo.quantum-imports.com/?sku=ACFAN00289A,https://catalogo.quantum-imports.com/images/arctic/acfan00289a.jpg,ARCTIC,VENTILADOR
ACFAN00280A,ARCTIC VENTILADOR P12 MAX PWM,"Ventilador de 120 mm de alto desempeño con control PWM de 200 a 3300 rpm, optimizado para presión estática. Incluye modo 0 dB (se detiene por debajo de 5% PWM) y balero fluido dinámico. Pieza individual.",out of stock,new,181.71 MXN,https://catalogo.quantum-imports.com/?sku=ACFAN00280A,https://catalogo.quantum-imports.com/images/arctic/acfan00280a.jpg,ARCTIC,VENTILADOR
ACFAN00305A,ARCTIC VENTILADOR P12 PRO,"Ventilador de 120 mm con control PWM de 600 a 3000 rpm y diseño de 7 aspas para mayor flujo con menos ruido. Balero fluido dinámico, con hasta 77 CFM de flujo de aire y 6.9 mmH2O de presión estática. Optimizado para radiadores y disipadores.",out of stock,new,165.49 MXN,https://catalogo.quantum-imports.com/?sku=ACFAN00305A,https://catalogo.quantum-imports.com/images/arctic/acfan00305a.jpg?v3,ARCTIC,VENTILADOR
ACFAN00309A,ARCTIC VENTILADOR P12 PRO A-RGB,"Ventilador de 120 mm con control PWM (hasta 3000 rpm, se detiene por debajo de 5% PWM) y 12 LEDs A-RGB direccionables. Diseño de 7 aspas, balero fluido dinámico y hasta 6.9 mmH2O de presión estática. Incluye cable splitter.",out of stock,new,272.67 MXN,https://catalogo.quantum-imports.com/?sku=ACFAN00309A,https://catalogo.quantum-imports.com/images/arctic/acfan00309a.jpg?v3,ARCTIC,VENTILADOR
ACFAN00310A,ARCTIC VENTILADOR P12 PRO A-RGB - 3 PACK,"Ventilador de 120 mm con control PWM (hasta 3000 rpm, se detiene por debajo de 5% PWM) y 12 LEDs A-RGB direccionables. Diseño de 7 aspas, balero fluido dinámico e incluye cable splitter. Paquete de 3 piezas.",out of stock,new,705.12 MXN,https://catalogo.quantum-imports.com/?sku=ACFAN00310A,https://catalogo.quantum-imports.com/images/arctic/acfan00310a.jpg?v3,ARCTIC,VENTILADOR
ACFAN00311A,ARCTIC VENTILADOR P12 PRO A-RGB (WHITE),"Ventilador de 120 mm con control PWM (hasta 3000 rpm, se detiene por debajo de 5% PWM) y 12 LEDs A-RGB direccionables. Diseño de 7 aspas, balero fluido dinámico e incluye cable splitter. Acabado blanco.",out of stock,new,292.33 MXN,https://catalogo.quantum-imports.com/?sku=ACFAN00311A,https://catalogo.quantum-imports.com/images/arctic/acfan00311a.jpg?v3,ARCTIC,VENTILADOR
ACFAN00326A,ARCTIC VENTILADOR P12 PRO A-RGB (WHITE) - 3 PACK,"Ventilador de 120 mm con control PWM (hasta 3000 rpm, se detiene por debajo de 5% PWM) y 12 LEDs A-RGB direccionables. Diseño de 7 aspas, balero fluido dinámico e incluye cable splitter. Paquete de 3 piezas, acabado blanco.",out of stock,new,732.56 MXN,https://catalogo.quantum-imports.com/?sku=ACFAN00326A,https://catalogo.quantum-imports.com/images/arctic/acfan00326a.jpg?v3,ARCTIC,VENTILADOR
ACFAN00306A,ARCTIC VENTILADOR P12 PRO PST,"Ventilador de 120 mm con control PWM de 600 a 3000 rpm y tecnología PWM Sharing (PST) para encadenar varios ventiladores con una sola señal. Diseño de 7 aspas y balero fluido dinámico, optimizado para radiadores y disipadores.",out of stock,new,240.53 MXN,https://catalogo.quantum-imports.com/?sku=ACFAN00306A,https://catalogo.quantum-imports.com/images/arctic/acfan00306a.jpg?v3,ARCTIC,VENTILADOR
ACFAN00307A,ARCTIC VENTILADOR P12 PRO PST - 5 PACK,"Paquete de 5 ventiladores ARCTIC P12 Pro PST de 120 mm optimizados para alta presión estática, ideales para radiadores, paneles perforados y filtros de malla. Giran de 600 a 3000 rpm bajo control PWM (0 rpm por debajo del 5% de la señal) y entregan hasta 77 cfm de flujo con 6.9 mmH2O de presión, con rodamiento hidrodinámico. La tecnología PST y el cable divisor permiten encadenar varios ventiladores en un solo conector; 6 años de garantía.",out of stock,new,623.53 MXN,https://catalogo.quantum-imports.com/?sku=ACFAN00307A,https://catalogo.quantum-imports.com/images/arctic/ACFAN00307A.jpg,ARCTIC,VENTILADOR
ACFAN00308A,ARCTIC VENTILADOR P12 PRO PST (WHITE),"Ventilador ARCTIC P12 Pro PST de 120 mm en acabado blanco, con presión estática alta para radiadores y filtros densos. Rango de 600 a 3000 rpm en PWM (0 rpm por debajo del 5%), hasta 77 cfm y 6.9 mmH2O, con rodamiento hidrodinámico. Incluye cable divisor PST para sincronizar la velocidad de varios ventiladores desde un solo conector de la tarjeta madre.",out of stock,new,262.66 MXN,https://catalogo.quantum-imports.com/?sku=ACFAN00308A,https://catalogo.quantum-imports.com/images/arctic/acfan00308a.jpg?v3,ARCTIC,VENTILADOR
ACFAN00312A,ARCTIC VENTILADOR P12 PRO PST CO,"Versión de operación continua (CO) del P12 Pro PST de 120 mm, con rodamiento de doble bola para funcionamiento 24/7 y máxima vida útil a altas revoluciones. Mantiene el rango de 600 a 3000 rpm en PWM, hasta 77 cfm de flujo y 6.9 mmH2O de presión estática. El cable divisor PST permite encadenar varias unidades en un mismo conector; pensado para servidores y equipos que no se apagan.",out of stock,new,280.36 MXN,https://catalogo.quantum-imports.com/?sku=ACFAN00312A,https://catalogo.quantum-imports.com/images/arctic/acfan00312a.jpg?v3,ARCTIC,VENTILADOR
ACFAN00232A,ARCTIC VENTILADOR P12 PWM PST A-RGB (BLACK) - 3 PACK,"Paquete de 3 ventiladores ARCTIC P12 PWM PST A-RGB de 120 mm en negro, con 12 LEDs A-RGB direccionables en el aro central. Control PWM de 200 a 2000 rpm (0 rpm por debajo del 5%), 48.80 cfm de flujo y 1.85 mmH2O de presión estática, con rodamiento hidrodinámico. La tecnología PST permite sincronizar la velocidad de varios ventiladores desde un solo conector.",out of stock,new,896.82 MXN,https://catalogo.quantum-imports.com/?sku=ACFAN00232A,https://catalogo.quantum-imports.com/images/arctic/acfan00232a.jpg,ARCTIC,VENTILADOR
ACFAN00275A,ARCTIC VENTILADOR P12 SLIM PWM PST - 3 Pack,"Paquete de 3 ventiladores ARCTIC P12 Slim PWM PST de perfil bajo: 120 mm de ancho y solo 15 mm de grosor, para gabinetes y disipadores con espacio reducido. Control PWM de 200 a 2100 rpm (0 rpm por debajo del 9%), 34.51 cfm y 1.33 mmH2O, con rodamiento hidrodinámico. Incluye cable divisor PST para encadenar hasta cuatro ventiladores adicionales en un solo conector.",out of stock,new,381.18 MXN,https://catalogo.quantum-imports.com/?sku=ACFAN00275A,https://catalogo.quantum-imports.com/images/arctic/acfan00275a.jpg,ARCTIC,VENTILADOR
ACFAN00136A,ARCTIC VENTILADOR P14 (Black) - 5 Pack,"Paquete de 5 ventiladores ARCTIC P14 de 140 mm en negro, optimizados para presión estática y con motor silencioso. Velocidad fija de 1700 rpm con 72.8 cfm de flujo de aire y 2.40 mmH2O de presión, rodamiento hidrodinámico y conector de 3 pines. Nivel de ruido de 0.3 sone; opción económica para renovar la ventilación de varios equipos a la vez.",out of stock,new,547.80 MXN,https://catalogo.quantum-imports.com/?sku=ACFAN00136A,https://catalogo.quantum-imports.com/images/arctic/acfan00136a.png,ARCTIC,VENTILADOR
ACFAN00315A,ARCTIC VENTILADOR P14 PRO A-RGB,"Ventilador ARCTIC P14 Pro A-RGB de 140 mm con 12 LEDs A-RGB direccionables y alto rendimiento. Control PWM de 400 a 2500 rpm (0 rpm por debajo del 5%), hasta 110 cfm de flujo y 5.2 mmH2O de presión estática, con rodamiento hidrodinámico. Incluye cable divisor para encadenar ventilador e iluminación de varias unidades desde un solo juego de conectores.",out of stock,new,293.93 MXN,https://catalogo.quantum-imports.com/?sku=ACFAN00315A,https://catalogo.quantum-imports.com/images/arctic/acfan00315a.jpg?v3,ARCTIC,VENTILADOR
ACFAN00320A,ARCTIC VENTILADOR P14 PRO A-RGB - 3 PACK,"Paquete de 3 ventiladores ARCTIC P14 Pro A-RGB de 140 mm, cada uno con 12 LEDs A-RGB direccionables. Control PWM de 400 a 2500 rpm (0 rpm por debajo del 5%), hasta 110 cfm de flujo y 5.2 mmH2O de presión estática, con rodamiento hidrodinámico. El cable divisor encadena ventilador e iluminación de varias unidades en un solo juego de conectores.",out of stock,new,875.07 MXN,https://catalogo.quantum-imports.com/?sku=ACFAN00320A,https://catalogo.quantum-imports.com/images/arctic/acfan00320a.jpg?v3,ARCTIC,VENTILADOR
ACFAN00313A,ARCTIC VENTILADOR P14 PRO,"Ventilador ARCTIC P14 Pro de 140 mm de alto flujo y presión, apto para gabinete y radiador. Control PWM de 400 a 2500 rpm (0 rpm por debajo del 5%), hasta 110 cfm y 5.2 mmH2O, con rodamiento hidrodinámico y conector de 4 pines. Diseño de aspas revisado para equilibrar rendimiento y funcionamiento suave, con 6 años de garantía.",out of stock,new,205.42 MXN,https://catalogo.quantum-imports.com/?sku=ACFAN00313A,https://catalogo.quantum-imports.com/images/arctic/ACFAN00313A.jpg?v3,ARCTIC,VENTILADOR
ACFAN00321A,ARCTIC VENTILADOR P14 PRO A-RGB (WHITE) - 3 PACK,"Paquete de 3 ventiladores ARCTIC P14 Pro A-RGB de 140 mm en blanco, cada uno con 12 LEDs A-RGB direccionables. Control PWM de 400 a 2500 rpm (0 rpm por debajo del 5%), hasta 110 cfm de flujo y 5.2 mmH2O de presión estática, con rodamiento hidrodinámico. Cable divisor para encadenar ventilador e iluminación de varias unidades en un solo juego de conectores.",out of stock,new,832.41 MXN,https://catalogo.quantum-imports.com/?sku=ACFAN00321A,https://catalogo.quantum-imports.com/images/arctic/ACFAN00321A.jpg,ARCTIC,VENTILADOR
ACFAN00318A,ARCTIC VENTILADOR P14 PRO A-RGB (WHITE),"Ventilador ARCTIC P14 Pro A-RGB de 140 mm en blanco, con 12 LEDs A-RGB direccionables y alto rendimiento. Control PWM de 400 a 2500 rpm (0 rpm por debajo del 5%), hasta 110 cfm de flujo y 5.2 mmH2O de presión estática, con rodamiento hidrodinámico. Incluye cable divisor para encadenar ventilador e iluminación de varias unidades desde un solo juego de conectores.",in stock,new,335.35 MXN,https://catalogo.quantum-imports.com/?sku=ACFAN00318A,https://catalogo.quantum-imports.com/images/arctic/acfan00318a.jpg?v3,ARCTIC,VENTILADOR
ACFAN00314A,ARCTIC VENTILADOR P14 PRO PST,"Ventilador ARCTIC P14 Pro PST de 140 mm con tecnología PWM Sharing y cable divisor para encadenar varias unidades en un solo conector. Control PWM de 400 a 2500 rpm (0 rpm por debajo del 5%), hasta 110 cfm de flujo y 5.2 mmH2O de presión estática, con rodamiento hidrodinámico. Ideal para configuraciones de radiador donde se controlan varios ventiladores en sincronía.",out of stock,new,250.45 MXN,https://catalogo.quantum-imports.com/?sku=ACFAN00314A,https://catalogo.quantum-imports.com/images/arctic/acfan00314a.jpg?v3,ARCTIC,VENTILADOR
ACFAN00319A,ARCTIC VENTILADOR P14 PRO PST - 5 PACK,"Paquete de 5 ventiladores ARCTIC P14 Pro PST de 140 mm, optimizados para alta presión estática en radiadores y filtros densos. Control PWM de 400 a 2500 rpm (0 rpm por debajo del 5%), hasta 110 cfm y 5.2 mmH2O por ventilador, con rodamiento hidrodinámico. El cable divisor PST encadena varias unidades en un solo conector de la tarjeta madre.",out of stock,new,928.64 MXN,https://catalogo.quantum-imports.com/?sku=ACFAN00319A,https://catalogo.quantum-imports.com/images/arctic/acfan00319a.jpg?v3,ARCTIC,VENTILADOR
ACFAN00317A,ARCTIC VENTILADOR P14 PRO PST (WHITE),"Ventilador ARCTIC P14 Pro PST de 140 mm en blanco, con alta presión estática para radiadores y paneles con malla. Control PWM de 400 a 2500 rpm (0 rpm por debajo del 5%), hasta 110 cfm de flujo y 5.2 mmH2O de presión, con rodamiento hidrodinámico. Incluye cable divisor PST para sincronizar la velocidad de varias unidades desde un solo conector.",out of stock,new,275.64 MXN,https://catalogo.quantum-imports.com/?sku=ACFAN00317A,https://catalogo.quantum-imports.com/images/arctic/acfan00317a.jpg,ARCTIC,VENTILADOR
ACFAN00316A,ARCTIC VENTILADOR P14 PRO PST CO,"Versión de operación continua (CO) del P14 Pro PST de 140 mm, con rodamiento de doble bola para uso 24/7 y máxima durabilidad a altas revoluciones. Rango de 400 a 2500 rpm en PWM, hasta 110 cfm de flujo y 5.2 mmH2O de presión estática. Cable divisor PST para sincronizar varias unidades; pensado para servidores y equipos que no se apagan.",out of stock,new,256.72 MXN,https://catalogo.quantum-imports.com/?sku=ACFAN00316A,https://catalogo.quantum-imports.com/images/arctic/acfan00316a.jpg,ARCTIC,VENTILADOR
ACFAN00239A,ARCTIC VENTILADOR P14 PWM PST A-RGB (BLACK),"Ventilador ARCTIC P14 PWM PST A-RGB de 140 mm en negro, con 12 LEDs A-RGB direccionables en el aro central y modo 0 dB que detiene el giro en reposo. Control PWM de 200 a 1900 rpm optimizado para alta presión estática, con rodamiento hidrodinámico. La tecnología PST permite sincronizar la velocidad de varios ventiladores desde un solo conector.",out of stock,new,424.04 MXN,https://catalogo.quantum-imports.com/?sku=ACFAN00239A,https://catalogo.quantum-imports.com/images/arctic/acfan00239a.png,ARCTIC,VENTILADOR
ACFAN00276A,ARCTIC VENTILADOR P14 PWM PST A-RGB (WHITE),"Ventilador ARCTIC P14 PWM PST A-RGB de 140 mm en blanco, con 12 LEDs A-RGB direccionables en el aro central y modo 0 dB que detiene el giro en reposo. Control PWM de 200 a 1900 rpm optimizado para alta presión estática, con rodamiento hidrodinámico. La tecnología PST sincroniza la velocidad de varios ventiladores desde un solo conector.",out of stock,new,454.03 MXN,https://catalogo.quantum-imports.com/?sku=ACFAN00276A,https://catalogo.quantum-imports.com/images/arctic/acfan00276a.png,ARCTIC,VENTILADOR
ACFAN00286A,ARCTIC VENTILADOR P8 MAX PWM,"Ventilador ARCTIC P8 Max de 80 mm de alta velocidad, diseñado para servidores y entornos con alta resistencia al aire. Control PWM de 500 a 5000 rpm con hasta 40 cfm de flujo y 5.3 mmH2O de presión estática, más modo 0 dB para silencio en reposo. Conector de 4 pines y consumo eficiente; construido para operación continua.",out of stock,new,204.85 MXN,https://catalogo.quantum-imports.com/?sku=ACFAN00286A,https://catalogo.quantum-imports.com/images/arctic/acfan00286a.jpg,ARCTIC,VENTILADOR
ACFAN00152A,ARCTIC VENTILADOR P8 Silent (Black),"Ventilador ARCTIC P8 Silent de 80 mm en negro, optimizado para presión estática y funcionamiento extra silencioso. Velocidad fija de 1600 rpm con 15.6 cfm de flujo y apenas 0.08 sone de ruido, con rodamiento hidrodinámico y conector de 3 pines. Buena opción para disipadores y gabinetes compactos donde el silencio es prioridad.",in stock,new,313.73 MXN,https://catalogo.quantum-imports.com/?sku=ACFAN00152A,https://catalogo.quantum-imports.com/images/arctic/acfan00152a.jpg,ARCTIC,VENTILADOR
RS060,MOZA VOLANTE TRUCK STEERING WHEEL,"Volante MOZA TSW, el primer volante diseñado específicamente para simuladores de camión, con diámetro de 400 mm y estructura de aluminio de grado aeroespacial de 4 mm con empuñadura de piel microfibra. Integra 14 botones de recorrido corto con retroiluminación RGB, dos ruedas de pulgar y dos joysticks planos, además de ajuste de ángulo de 0 a 75 grados. Soporta comunicación inalámbrica y por anillo colector, por lo que es compatible con todas las bases MOZA y con bases de terceros mediante el adaptador universal.",out of stock,new,5539.72 MXN,https://catalogo.quantum-imports.com/?sku=RS060,https://catalogo.quantum-imports.com/images/moza/RS060.webp,MOZA,VOLANTES RACING
RS062,MOZA ABRAZADERA CLAMP FOR TRUCK WHEEL,"Abrazadera de mesa MOZA para el volante de camión TSW, fabricada en acero de alta resistencia de 4 a 6 mm. Permite ajuste de ángulo de 0 a 75 grados para replicar la ergonomía de una cabina de camión y se monta en escritorios de 3 a 70 mm de grosor o en perfiles de aluminio. Es compatible con todas las bases MOZA, desde la R3 hasta la R25 Ultra.",in stock,new,886.22 MXN,https://catalogo.quantum-imports.com/?sku=RS062,https://catalogo.quantum-imports.com/images/moza/RS062.jpg,MOZA,ACCESORIOS MOZA
RS065,MOZA MULTIFUNCIONAL MULTI-FUNCTION STALKS,"Palancas multifunción MOZA con hasta 28 interruptores programables para faros, limpiaparabrisas, control de crucero e intermitentes con autocancelación tras el giro. Usan piezas OEM de proveedores automotrices y se conectan directo a PC por cable USB-C o a la base. Compatibles con bases MOZA de la R3 a la R21 que tengan orificios de montaje frontal, y con bases de terceros mediante soportes opcionales.",out of stock,new,4165.52 MXN,https://catalogo.quantum-imports.com/?sku=RS065,https://catalogo.quantum-imports.com/images/moza/RS065.png,MOZA,ACCESORIOS MOZA
RS071,"MOZA PAQUETE TRUCKING BUNDLE
(R5 BASE+TSW TRUCK WHEEL+SR-P LITE PEDAL+CLAMP FOR THE TRUCK WHEEL)","Paquete MOZA Trucking para simulación de camión, integrado por la base de transmisión directa R5 de 5.5 Nm, el volante de camión TSW de 400 mm, los pedales SR-P Lite y la abrazadera dedicada para el volante. La base R5 combina un servomotor de alto par con encoder de 15 bits y baja ondulación de par para un force feedback preciso. Está pensado para Euro Truck Simulator 2, American Truck Simulator y títulos similares.",out of stock,new,10889.94 MXN,https://catalogo.quantum-imports.com/?sku=RS071,https://catalogo.quantum-imports.com/images/moza/RS071.png,MOZA,BUNDLES RACING
RS053,MOZA PAQUETE R3 RACING SIMULATOR BUNDLES FOR XBOX & PC,"Paquete MOZA R3 para Xbox y PC con licencia oficial de Xbox, compuesto por la base de transmisión directa R3 de 3.9 Nm de par pico, el volante ES de 28 cm con empuñaduras ISF PU y 22 botones, los pedales SR-P Lite y abrazadera de mesa. La base usa carcasa de aluminio de aviación, encoder de 15 bits y frecuencia USB de 1000 Hz. Es compatible con Xbox Series X|S (Forza, serie F1) y con PC Windows 10/11.",out of stock,new,6276.28 MXN,https://catalogo.quantum-imports.com/?sku=RS053,https://catalogo.quantum-imports.com/images/moza/RS053.png,MOZA,BUNDLES RACING
RS20,"MOZA PACK R5 RACING SIMULATOR BUNDLE
(R5 BASE+ES WHEEL+SR-P LITE PEDAL+15 DEGREE DESKTOP MOUNTING)","Paquete MOZA R5 con la base de transmisión directa R5 de 5.5 Nm, el volante ES de 28 cm con marco de aluminio y empuñadura de piel microfibra, los pedales SR-P Lite de acero de alta resistencia y abrazadera de mesa. Incorpora force feedback NexGen 4.0 y ajuste vía software MOZA Pit House. Es plug and play con PC Windows e incluye cables y herramientas para instalarse en cualquier escritorio.",out of stock,new,8069.51 MXN,https://catalogo.quantum-imports.com/?sku=RS20,https://catalogo.quantum-imports.com/images/moza/RS20.jpg,MOZA,BUNDLES RACING
RS080,MOZA BASE R9 V3 DIRECT DRIVE WHEEL BASE,"Base de volante MOZA R9 V3 de transmisión directa con 9 Nm de par pico y 180 W de potencia. Usa encoder magnético de 21 bits para alta precisión de force feedback y carcasa completa de aluminio de grado aeronáutico, con anillo colector conductivo de más de 5 millones de revoluciones de vida útil. Admite montaje inferior estándar de 4 orificios y frecuencia USB de 1000 Hz.",in stock,new,7141.71 MXN,https://catalogo.quantum-imports.com/?sku=RS080,https://catalogo.quantum-imports.com/images/moza/RS080.png,MOZA,BASES RACING
RS081,MOZA R12 V2 Direct Drive Wheel Base,"Base de volante MOZA R12 V2 de transmisión directa con 12 Nm de par pico y 216 W de potencia. Monta un servomotor de polo inclinado con rotor envuelto en fibra de carbono para mejor gestión térmica y encoder magnético de 21 bits con procesador de 280 MHz. Soporta force feedback NexGen 4.0 y modo iRacing a 360 Hz, con opción de montaje frontal.",in stock,new,9563.86 MXN,https://catalogo.quantum-imports.com/?sku=RS081,https://catalogo.quantum-imports.com/images/moza/RS081.jpg,MOZA,BASES RACING
RS056,MOZA VOLANTE GS V2P STEERING WHEEL,"Volante MOZA GS V2P de estilo GT con diámetro de 300 mm, aro y placa frontal en fibra de carbono forjada de 5 mm y empuñaduras de piel microfibra perforada. Incluye 2 levas de cambio magnéticas, 2 levas de embrague, 10 botones mecánicos luminosos, 5 encoders rotativos, 2 encoders de pulgar y 2 joysticks, más 10 LED RGB. El quick release metálico permite cambiar el volante de forma rápida y segura.",out of stock,new,8027.41 MXN,https://catalogo.quantum-imports.com/?sku=RS056,https://catalogo.quantum-imports.com/images/moza/RS056.jpg,MOZA,VOLANTES RACING
RS25,MOZA VOLANTE RS V2 STEERING WHEEL LEATHER VERSION,"Volante MOZA RS V2 versión piel, con aro de 13 pulgadas (330 mm) y empuñadura de piel genuina con costura sobre construcción de fibra de carbono forjada y aluminio. Incorpora levas de cambio magnéticas de fibra de carbono, botones mecánicos programables retroiluminados con 8 colores, dos joysticks universales y diales, más barra de LED RGB de revoluciones. Cuenta con quick release integrado y es compatible con las bases MOZA R5, R9, R16 y R21.",in stock,new,7770.64 MXN,https://catalogo.quantum-imports.com/?sku=RS25,https://catalogo.quantum-imports.com/images/moza/RS25.webp,MOZA,VOLANTES RACING
RS057,MOZA VOLANTE CS V2P STEERING WHEEL,"Volante MOZA CS V2P de 13 pulgadas con marco de aluminio de grado aeronáutico, empuñadura de piel microfibra y levas de cambio de fibra de carbono forjada con sensor fotoeléctrico sin contacto. Integra 2 levas magnéticas, 6 botones mecánicos, 2 joysticks, 2 encoders rotativos y 10 LED RGB con telemetría vía MOZA Pit House. Es especialmente adecuado para rally y turismos, y usa quick release metálico para cambios rápidos.",out of stock,new,5686.30 MXN,https://catalogo.quantum-imports.com/?sku=RS057,https://catalogo.quantum-imports.com/images/moza/RS057.webp,MOZA,VOLANTES RACING
RS068,MOZA VOLANTE FSR2 FORMULA WHEEL,"Volante MOZA FSR2 de estilo fórmula con diámetro de 280 mm, marco de fibra de carbono de 5 mm y carcasa trasera de aluminio CNC. Incluye pantalla táctil de 4.3 pulgadas a 60 Hz con interfaz personalizable y procesador quad core de 1.3 GHz, además de un diseño de 6 levas que suma cambio, doble embrague y activación de DRS y KERS. Es compatible con todas las bases MOZA y con bases de terceros mediante el MOZA Universal Hub Kit.",in stock,new,12851.44 MXN,https://catalogo.quantum-imports.com/?sku=RS068,https://catalogo.quantum-imports.com/images/moza/RS068.jpg,MOZA,VOLANTES RACING
RS11,MOZA PEDALES SRP DOUBLE PEDALS WITH BASE,"Pedales MOZA SR-P de dos piezas con base, construidos en acero de alta resistencia con sensor de carga y de ángulo en el freno y sensores de ángulo de 15 bits en acelerador. El freno detecta presión de hasta 100 kg combinando control por ángulo en el recorrido inicial y por presión en el tramo final. El acelerador tipo órgano y el ajuste de recorrido, altura y separación vía MOZA Pit House permiten afinar la respuesta al detalle.",in stock,new,3151.14 MXN,https://catalogo.quantum-imports.com/?sku=RS11,https://catalogo.quantum-imports.com/images/moza/RS11.png,MOZA,PEDALES
RS066,MOZA PEDALES CRP2 PEDALS(THROTTLE+BRAKER),"Pedales MOZA CRP2 (acelerador y freno) con celda de carga de 0 a 200 kg y sensor de ángulo de 15 bits. El cuerpo es de aluminio de grado aeroespacial con talonera de fibra de carbono 3K y base de acero de alta resistencia, probado para más de un millón de pulsaciones. El freno usa bloques de amortiguación con durezas de 55, 70, 80 y 98 para múltiples combinaciones de tacto, con ajustes de recorrido, ángulo y altura.",in stock,new,8784.20 MXN,https://catalogo.quantum-imports.com/?sku=RS066,https://catalogo.quantum-imports.com/images/moza/RS066.webp,MOZA,PEDALES
RS067,MOZA CRP2 CLUTCH PEDAL,ACCESORIOS PARA SIMULADOR,out of stock,new,2263.62 MXN,https://catalogo.quantum-imports.com/?sku=RS067,https://catalogo.quantum-imports.com/images/moza/RS067.png,MOZA,PEDALES
RS076,MOZA PEDAL MBOOSTER ACTIVE PEDAL,"Pedal activo MOZA mBooster con force feedback generado por servomotor de alto par y husillo de bolas, que simula bloqueo de ABS, control de tracción, vibración del motor y fuerzas G en tiempo real. Integra doble celda de carga de 200 kg y encoder magnético de 21 bits, con diseño cerrado sin rieles que reduce el ruido a niveles de hasta 44 dB. Vía MOZA Pit House se configura con un clic como acelerador, freno o embrague.",in stock,new,17779.26 MXN,https://catalogo.quantum-imports.com/?sku=RS076,https://catalogo.quantum-imports.com/images/moza/RS076.png,MOZA,PEDALES
RS082,MOZA PAQUETE PEDALES MBOOSTER ACTIVE PEDAL BUNDLE,"Paquete MOZA mBooster que combina el pedal activo mBooster con un pedal de acelerador CRP2, placa CRP2, placa extendida y fuente de alimentación dedicada. El sistema de force feedback inteligente simula ABS, control de tracción, cambios de marcha y fuerzas G, apoyado en doble celda de carga de 200 kg, encoder magnético de 21 bits y motor de alto par. Funciona como solución de dos pedales integrada al ecosistema MOZA y ajustable vía MOZA Pit House.",out of stock,new,20173.78 MXN,https://catalogo.quantum-imports.com/?sku=RS082,https://catalogo.quantum-imports.com/images/moza/RS076.png,MOZA,PEDALES
RS072,MOZA TABLERO CM2 RACING DASH,"Tablero digital MOZA CM2 con pantalla táctil capacitiva de 5 pulgadas a 720p y 60 Hz, procesador quad core e interfaz personalizable. Incluye 10 indicadores RGB de cambio y 6 luces de bandera con más de 16.7 millones de colores para señales de carrera en tiempo real. Se conecta a las bases MOZA por puerto RJ11 o directo a PC por USB, con carcasa trasera de aluminio y soporte de acero de alta resistencia.",out of stock,new,4073.91 MXN,https://catalogo.quantum-imports.com/?sku=RS072,https://catalogo.quantum-imports.com/images/moza/RS072.jpg,MOZA,TABLEROS
RS032,MOZA TABLERO ES FORMULA MOD,Mod de aro MOZA ES Formula que convierte el volante ES o ESX en un volante de estilo fórmula de 280 mm. Está fabricado en aluminio de grado aeronáutico de 4 mm con empuñaduras de goma antideslizantes y usa el sistema quick release de MOZA para cambios rápidos. El diámetro más compacto hace que la dirección se sienta más directa en monoplazas.,out of stock,new,714.69 MXN,https://catalogo.quantum-imports.com/?sku=RS032,https://catalogo.quantum-imports.com/images/moza/RS032.png,MOZA,TABLEROS
RS12,MOZA ABRAZADERA R9 TABLE CLAMP,"Abrazadera de mesa MOZA para bases R5, R9 y R12, fabricada en acero de alta resistencia mecanizado por CNC de 5 mm de grosor para soportar el par máximo. Se fija a escritorios de hasta 50 mm de grosor con tornillos metálicos y permite ajuste multiángulo mediante cuatro orificios por lado. Es una solución de montaje compacta que ahorra espacio sin necesidad de una plataforma completa.",in stock,new,810.85 MXN,https://catalogo.quantum-imports.com/?sku=RS12,https://catalogo.quantum-imports.com/images/moza/RS12.png,MOZA,ACCESORIOS MOZA
RS31,MOZA FRENO DE MANO HBP HANDBRAKE,"Freno de mano MOZA HBP fabricado en aluminio de grado aeronáutico, con sensor de posición angular Hall sin contacto de 16 bits (65,536 puntos de resolución) que evita el desgaste mecánico. La palanca admite montaje horizontal estilo rally o drift y vertical estilo carretera, con resistencia y recorrido ajustables mediante cambio de resortes. Se conecta por USB directo a PC o a una base MOZA compatible.",in stock,new,1941.36 MXN,https://catalogo.quantum-imports.com/?sku=RS31,https://catalogo.quantum-imports.com/images/moza/RS31.webp,MOZA,ACCESORIOS MOZA
RS039,MOZA PALANCA DE CAMBIOS HGP SHIFTER,"Palanca de cambios MOZA HGP con patrón en H de 7+R, mecanizada por CNC en aluminio de grado aeronáutico anodizado y sensor de ángulo sin contacto de 15 bits para precisión sin mantenimiento. Incorpora un sistema patentado de acelerón en reducción que iguala las revoluciones para cambios más suaves, activable y ajustable en MOZA Pit House. Se conecta directo a PC por USB o a una base MOZA compatible mediante el cable RJ11 incluido.",in stock,new,2809.65 MXN,https://catalogo.quantum-imports.com/?sku=RS039,https://catalogo.quantum-imports.com/images/moza/RS039.webp,MOZA,ACCESORIOS MOZA
RS090,MOZA R21 ULTRA DIRECT DRIVE WHEEL BASE – 21NM TORQUE – BASE PROFESIONAL PARA SIM RACING,"Base de volante MOZA R21 Ultra de transmisión directa con 21 Nm de par sostenido, capaz de mantener el rendimiento completo en sesiones largas sin recorte de par. Monta un motor de alambre plano de nueva generación que minimiza el cogging para un force feedback suave y constante, con encoder magnético de 21 bits y más de 2 millones de puntos de resolución. La carcasa es de aluminio mecanizado por CNC con doble tira RGB para efectos de telemetría.",out of stock,new,16279.36 MXN,https://catalogo.quantum-imports.com/?sku=RS090,https://catalogo.quantum-imports.com/images/moza/RS090.png,MOZA,BASES RACING
RS091,MOZA R25 ULTRA 25NM DIRECT DRIVE – BASE DE VOLANTE PROFESIONAL PARA SIMULADOR,"Base de volante MOZA R25 Ultra de transmisión directa con 25 Nm de par y motor de alambre plano de cero cogging con 26% más densidad de par que competidores de tamaño similar. Incluye un sensor de par real con precisión de muestreo de 0.1% y frecuencia de respuesta de hasta 2 kHz, encoder magnético de 21 bits y sistema de enfriamiento inteligente con monitoreo de temperatura. La estructura es un monocasco de aluminio fundido a presión con montaje inferior, frontal y lateral.",in stock,new,20624.94 MXN,https://catalogo.quantum-imports.com/?sku=RS091,https://catalogo.quantum-imports.com/images/moza/RS091.png,MOZA,BASES RACING
RS047,MOZA KS FORMULA – VOLANTE ESTILO F1 PARA SIMULADOR DE CARRERAS,"Volante MOZA KS de estilo GT con diámetro de 300 mm y carcasa de composite reforzado con fibra de carbono, con un peso de solo 1220 g para mayor respuesta. Ofrece 70 señales de entrada programables, 10 botones RGB de recorrido corto de 0.25 mm con 8 colores, encoders de pulgar y rotativos, y empuñaduras de TPE de alta adherencia. Es compatible con todas las bases MOZA no inalámbricas y con bases de terceros mediante el MOZA Hub Kit.",out of stock,new,5405.66 MXN,https://catalogo.quantum-imports.com/?sku=RS047,https://catalogo.quantum-imports.com/images/moza/RS047.webp,MOZA,VOLANTES RACING
AS017,MOZA AB6 FLIGHT SIMULATOR BASE – CONTROL PROFESIONAL PARA SIMULADOR DE VUELO,"Base de force feedback MOZA AB6 para simuladores de vuelo, con dobles servomotores que entregan 4.4 Nm de par continuo y 6 Nm de par pico combinado, encoder magnético de 15 bits y tasa de sondeo USB de 1000 Hz. Ofrece rango de movimiento de ±20° en alabeo y ±17° en cabeceo, carcasa de aluminio y panel frontal con 8 botones RGB y dos deslizadores analógicos. Es compatible con MSFS 2020/2024, X-Plane, DCS, IL-2 y War Thunder, e incluye abrazadera de escritorio.",out of stock,new,9021.99 MXN,https://catalogo.quantum-imports.com/?sku=AS017,https://catalogo.quantum-imports.com/images/moza/AS017.png,MOZA,BASES DE VUELO
AS001,MOZA AB9 FORCE FEEDBACK – BASE AVANZADA PARA SIMULADOR DE VUELO,"Base de force feedback MOZA AB9 para simuladores de vuelo, con dobles servomotores que entregan 9 Nm constantes en una dirección y hasta 12 Nm de par pico para simular rodaje, despegue, aterrizaje y turbulencia. Emplea la tecnología propia MCLS con devanado segmentado para lograr muy bajo cogging y respuesta suave e inmediata. La carcasa es de aluminio de grado aeronáutico con diseño sin ventilador, admite montaje en escritorio o rig y se ajusta vía MOZA Cockpit Control Software.",in stock,new,11060.82 MXN,https://catalogo.quantum-imports.com/?sku=AS001,https://catalogo.quantum-imports.com/images/moza/AS001.jpg,MOZA,BASES DE VUELO
RS095,MOZA KS PRO STEERING WHEEL – VOLANTE PROFESIONAL PARA SIM RACING,"Volante MOZA KS Pro de estilo GT tipo mariposa de 300 mm, con placas de composite reforzado con fibra de carbono, empuñaduras de goma TPE y pantalla de 2.99 pulgadas con interfaz personalizable. Integra 10 botones RGB de recorrido corto, 5 encoders rotativos, 2 de pulgar, 2 funky switches de 7 posiciones, levas de cambio de fibra de carbono forjada con sensores Hall y doble embrague. Usa quick release de aluminio con comunicación cableada por anillo colector y es compatible con todas las bases MOZA y con terceros vía hub.",out of stock,new,7584.17 MXN,https://catalogo.quantum-imports.com/?sku=RS095,https://catalogo.quantum-imports.com/images/moza/RS095.jpg,MOZA,VOLANTES RACING
RS098,SRP2 RACING PEDALS,"Pedales MOZA SRP2 de acelerador y freno con celda de carga de 100 kg y sensor de ángulo de 15 bits en tecnología de fusión, donde el sensor de ángulo cubre el recorrido inicial y la celda de carga el tramo final. Están construidos en aluminio de grado aeroespacial CNC y acero de alta resistencia, con ángulo, separación y altura ajustables sin herramienta. El freno usa estructura de elastómero con 25 configuraciones de tacto de serie, ampliables a más de 1,000 con el kit de rendimiento opcional, y se conectan por USB a PC.",out of stock,new,3247.29 MXN,https://catalogo.quantum-imports.com/?sku=RS098,https://catalogo.quantum-imports.com/images/moza/RS098.png,MOZA,PEDALES
RS099,SRP2 CLUTCH PEDAL,"Pedal de embrague MOZA SRP2 que se añade a los pedales SRP2 para tener control de tres pedales, montándose en la misma base sin adaptadores. Comparte la construcción de aluminio de grado aeroespacial CNC y acero de alta resistencia del set, con diseño cerrado accionado por resorte y sensor de ángulo de alta precisión. Permite ajustar altura, ángulo y precarga en dos etapas, y se configura por USB en MOZA Pit House.",out of stock,new,893.11 MXN,https://catalogo.quantum-imports.com/?sku=RS099,https://catalogo.quantum-imports.com/images/moza/RS099.png,MOZA,PEDALES
RS100,SRP2 REAR SUPPORT BRACKET,"Soporte trasero MOZA para pedales SRP2 que mejora la estabilidad al usarlos en el piso, apoyando la parte trasera del pedal contra una pared para evitar que se deslicen. Está fabricado en acero de alta resistencia con perfil reforzado que mantiene su forma bajo la presión de frenado de la celda de carga. Se instala con los tornillos y llave incluidos, admite ajuste lateral para adaptarse a la separación de los pedales y absorbe la carga de frenado a través del chasis.",in stock,new,543.17 MXN,https://catalogo.quantum-imports.com/?sku=RS100,https://catalogo.quantum-imports.com/images/moza/RS100.jpg,MOZA,ACCESORIOS MOZA
TRX-SIM-AUTO,TRAK RACER TRX V2 RACING SIMULATOR,SIMULADOR DE CARRERAS,in stock,new,80809.51 MXN,https://catalogo.quantum-imports.com/?sku=TRX-SIM-AUTO,https://catalogo.quantum-imports.com/images/trak-racer/TRX-SIM-AUTO.webp,TRAK RACER,SIMULADORES
11205,"DISNEY MICKEY COCINA CON LUZ, SONIDO Y AGUA",ROLE PLAY,in stock,new,1273.44 MXN,https://catalogo.quantum-imports.com/?sku=11205,https://catalogo.quantum-imports.com/images/disney/11205.jpg,DISNEY,ROLE PLAY
11315,DISNEY STICH COCINA CON LUZ Y SONIDO,ROLE PLAY,in stock,new,1276.14 MXN,https://catalogo.quantum-imports.com/?sku=11315,https://catalogo.quantum-imports.com/images/disney/11315.jpg,DISNEY,ROLE PLAY
11001,DISNEY PRINCESAS COCINA CON LUZ Y SONIDO,ROLE PLAY,in stock,new,749.00 MXN,https://catalogo.quantum-imports.com/?sku=11001,https://catalogo.quantum-imports.com/images/disney/11001.jpg,DISNEY,ROLE PLAY
1159,DISNEY PRINCESAS TOCADOR DE BELLEZA,ROLE PLAY,in stock,new,501.41 MXN,https://catalogo.quantum-imports.com/?sku=1159,https://catalogo.quantum-imports.com/images/disney/1159-tocador.jpg,DISNEY,ROLE PLAY
11030,BARBIE MÁQUINA DE COSER CON LUZ Y SONIDO PORTATIL ROSA,ROLE PLAY,in stock,new,447.39 MXN,https://catalogo.quantum-imports.com/?sku=11030,https://catalogo.quantum-imports.com/images/barbie/11030.jpg,BARBIE,ROLE PLAY
E-LM-U-1GR,EMISHA LIQUID ULTRA 1G METAL LÍQUIDO ALTA CONDUCTIVIDAD,METAL LIQUIDO,in stock,new,284.75 MXN,https://catalogo.quantum-imports.com/?sku=E-LM-U-1GR,https://catalogo.quantum-imports.com/images/emisha/E-LM-U-1GR.jpg?v3,EMISHA,METAL LIQUIDO
E-LM-U-2GR,EMISHA LIQUID ULTRA 2G METAL LÍQUIDO ALTA CONDUCTIVIDAD,METAL LIQUIDO,out of stock,new,375.42 MXN,https://catalogo.quantum-imports.com/?sku=E-LM-U-2GR,https://catalogo.quantum-imports.com/images/emisha/E-LM-U-2GR.jpg?v3,EMISHA,METAL LIQUIDO
E-LM-U-5GR,EMISHA LIQUID ULTRA 5G METAL LÍQUIDO ALTA CONDUCTIVIDAD,METAL LIQUIDO,out of stock,new,640.45 MXN,https://catalogo.quantum-imports.com/?sku=E-LM-U-5GR,https://catalogo.quantum-imports.com/images/emisha/E-LM-U-5GR.jpg?v3,EMISHA,METAL LIQUIDO
E-LM-U-10GR,EMISHA LIQUID ULTRA 10G METAL LÍQUIDO ALTA CONDUCTIVIDAD,METAL LIQUIDO,in stock,new,1076.35 MXN,https://catalogo.quantum-imports.com/?sku=E-LM-U-10GR,https://catalogo.quantum-imports.com/images/emisha/E-LM-U-10GR.jpg,EMISHA,METAL LIQUIDO
TG-D-030-R,THERMAL GRIZZLY DURONAUT - 30G,"Pasta térmica de alto desempeño con enfoque en estabilidad a largo plazo, para gamers, overclockers y sistemas de enfriamiento industriales exigentes. Eléctricamente no conductora. Presentación de 30 g.",in stock,new,990.64 MXN,https://catalogo.quantum-imports.com/?sku=TG-D-030-R,https://catalogo.quantum-imports.com/images/tg/tg-d-030-r.jpg,THERMAL GRIZZLY,Pasta térmica
TG-KE-006-R,THERMAL GRIZZLY KRYONAUT EXTREME - 6G · NUEVO,"Pasta térmica de altísimo desempeño optimizada para overclocking, desde refrigeración líquida hasta nitrógeno líquido. Eléctricamente no conductora (0 pS/m), color rosa y sin curado. Presentación de 6 g.",in stock,new,779.52 MXN,https://catalogo.quantum-imports.com/?sku=TG-KE-006-R,https://catalogo.quantum-imports.com/images/tg/tg-ke-006-r.jpg,THERMAL GRIZZLY,Pasta térmica
TG-HP-002-R,THERMAL GRIZZLY HYDRONAUT PRO - 2 G · NUEVO,"Pasta térmica de alto desempeño con base libre de silicona, apta para sistemas industriales y equipos de PC de alto rendimiento donde los aceites de silicona podrían dañar los sellos. Eléctricamente no conductora. Presentación de 2 g.",in stock,new,312.04 MXN,https://catalogo.quantum-imports.com/?sku=TG-HP-002-R,https://catalogo.quantum-imports.com/images/tg/tg-hp-002-r.jpg,THERMAL GRIZZLY,Pasta térmica
TG-HP-006-R,THERMAL GRIZZLY HYDRONAUT PRO - 6 G · NUEVO,"Pasta térmica de alto desempeño con base libre de silicona, apta para sistemas industriales y equipos de PC de alto rendimiento donde los aceites de silicona podrían dañar los sellos. Eléctricamente no conductora. Presentación de 6 g.",in stock,new,486.04 MXN,https://catalogo.quantum-imports.com/?sku=TG-HP-006-R,https://catalogo.quantum-imports.com/images/tg/tg-hp-006-r.jpg,THERMAL GRIZZLY,Pasta térmica
TG-HP-030-R,THERMAL GRIZZLY HYDRONAUT PRO - 30 G · NUEVO,"Pasta térmica de alto desempeño con base libre de silicona, apta para sistemas industriales y equipos de PC de alto rendimiento donde los aceites de silicona podrían dañar los sellos. Eléctricamente no conductora. Presentación de 30 g.",in stock,new,1041.68 MXN,https://catalogo.quantum-imports.com/?sku=TG-HP-030-R,https://catalogo.quantum-imports.com/images/tg/tg-hp-030-r.jpg,THERMAL GRIZZLY,Pasta térmica
TG-DP-002-R,THERMAL GRIZZLY DURONAUT PRO 2G · NUEVO,Pasta térmica de alto desempeño formulada para una estabilidad a largo plazo particularmente alta y máxima durabilidad. Eléctricamente no conductora. Presentación de 2 g.,in stock,new,337.56 MXN,https://catalogo.quantum-imports.com/?sku=TG-DP-002-R,https://catalogo.quantum-imports.com/images/tg/tg-dp-002-r.jpg,THERMAL GRIZZLY,Pasta térmica
TG-DP-006-R,THERMAL GRIZZLY DURONAUT PRO 6G · NUEVO,Pasta térmica de alto desempeño formulada para una estabilidad a largo plazo particularmente alta y máxima durabilidad. Eléctricamente no conductora. Presentación de 6 g.,in stock,new,568.40 MXN,https://catalogo.quantum-imports.com/?sku=TG-DP-006-R,https://catalogo.quantum-imports.com/images/tg/tg-dp-006-r.jpg,THERMAL GRIZZLY,Pasta térmica
TG-DP-030-R,THERMAL GRIZZLY DURONAUT PRO 30G · NUEVO,Pasta térmica de alto desempeño formulada para una estabilidad a largo plazo particularmente alta y máxima durabilidad. Eléctricamente no conductora. Presentación de 30 g.,in stock,new,1816.56 MXN,https://catalogo.quantum-imports.com/?sku=TG-DP-030-R,https://catalogo.quantum-imports.com/images/tg/tg-dp-030-r.jpg,THERMAL GRIZZLY,Pasta térmica
TG-MP-B-120-20-05-4,"THERMAL GRIZZLY MINUS PAD BASIC - 120X20X0,5 MM 4 PCS · NUEVO","Pad térmico eléctricamente no conductor de la serie Minus Pad Basic, para SSD, disipadores de GPU (aire y agua), reguladores de voltaje y módulos de memoria. Formato de 120x20 mm, espesor de 0.5 mm, paquete de 4 piezas.",in stock,new,344.52 MXN,https://catalogo.quantum-imports.com/?sku=TG-MP-B-120-20-05-4,https://catalogo.quantum-imports.com/images/tg/tg-mp-b-120-20-05-4.jpg,THERMAL GRIZZLY,Pads térmicos
TG-MP-B-120-20-10-4,"THERMAL GRIZZLY MINUS PAD BASIC - 120X20X1,0 MM 4 PCS · NUEVO","Pad térmico eléctricamente no conductor de la serie Minus Pad Basic, para SSD, disipadores de GPU (aire y agua), reguladores de voltaje y módulos de memoria. Formato de 120x20 mm, espesor de 1.0 mm, paquete de 4 piezas.",in stock,new,379.32 MXN,https://catalogo.quantum-imports.com/?sku=TG-MP-B-120-20-10-4,https://catalogo.quantum-imports.com/images/tg/tg-mp-b-120-20-10-4.jpg,THERMAL GRIZZLY,Pads térmicos
TG-MP-B-120-20-15-4,"THERMAL GRIZZLY MINUS PAD BASIC - 120X20X1,5 MM 4 PCS · NUEVO","Pad térmico eléctricamente no conductor de la serie Minus Pad Basic, para SSD, disipadores de GPU (aire y agua), reguladores de voltaje y módulos de memoria. Formato de 120x20 mm, espesor de 1.5 mm, paquete de 4 piezas.",in stock,new,396.72 MXN,https://catalogo.quantum-imports.com/?sku=TG-MP-B-120-20-15-4,https://catalogo.quantum-imports.com/images/tg/tg-mp-b-120-20-15-4.jpg,THERMAL GRIZZLY,Pads térmicos
TG-MP-HC-120-100-10-2,THERMAL GRIZZLY MINUS PAD HC 120X100X1 MM 2 PCS · NUEVO,"Pad térmico de alta compresibilidad (High Compression), eléctricamente no conductor, ideal cuando no se conoce el espesor exacto requerido. Se adapta a diferencias de altura y mantiene su conductividad térmica incluso bajo fuerte compresión, útil al convertir una GPU a refrigeración líquida o al reemplazar los pads de un cooler. Formato 120x100 mm, espesor de 1 mm, paquete de 2 piezas.",out of stock,new,569.56 MXN,https://catalogo.quantum-imports.com/?sku=TG-MP-HC-120-100-10-2,https://catalogo.quantum-imports.com/images/tg/tg-mp-hc-120-100-10-2.jpg,THERMAL GRIZZLY,Pads térmicos
TG-MP-HC-120-100-20-2,THERMAL GRIZZLY MINUS PAD HC 120X100X2 MM 2 PCS · NUEVO,"Pad térmico de alta compresibilidad (High Compression), eléctricamente no conductor, ideal cuando no se conoce el espesor exacto requerido. Se adapta a diferencias de altura y mantiene su conductividad térmica incluso bajo fuerte compresión, útil al convertir una GPU a refrigeración líquida o al reemplazar los pads de un cooler. Formato 120x100 mm, espesor de 2 mm, paquete de 2 piezas.",in stock,new,421.08 MXN,https://catalogo.quantum-imports.com/?sku=TG-MP-HC-120-100-20-2,https://catalogo.quantum-imports.com/images/tg/tg-mp-hc-120-100-20-2.jpg,THERMAL GRIZZLY,Pads térmicos
TG-MP-E2-120-20-05-2,"THERMAL GRIZZLY MINUS PAD EXTREME V2 - 120X20X0,5 MM 2 PCS · NUEVO","Pad térmico de alto desempeño de la serie Minus Pad Extreme 2, eléctricamente no conductor y sin curado, formulado con óxido de aluminio, hidróxido de aluminio y polvo de aluminio de distintos tamaños de partícula para rellenar los huecos de la superficie. No se endurece con el uso prolongado. Formato 120x20 mm, espesor de 0.5 mm, paquete de 2 piezas.",in stock,new,885.08 MXN,https://catalogo.quantum-imports.com/?sku=TG-MP-E2-120-20-05-2,https://catalogo.quantum-imports.com/images/tg/tg-mp-e2-120-20-05-2.jpg,THERMAL GRIZZLY,Pads térmicos
TG-MP-E2-120-20-10-2,"THERMAL GRIZZLY MINUS PAD EXTREME V2 - 120X20X1,0 MM 2 PCS · NUEVO","Pad térmico de alto desempeño de la serie Minus Pad Extreme 2, eléctricamente no conductor y sin curado, formulado con óxido de aluminio, hidróxido de aluminio y polvo de aluminio de distintos tamaños de partícula para rellenar los huecos de la superficie. No se endurece con el uso prolongado. Formato 120x20 mm, espesor de 1.0 mm, paquete de 2 piezas.",in stock,new,836.36 MXN,https://catalogo.quantum-imports.com/?sku=TG-MP-E2-120-20-10-2,https://catalogo.quantum-imports.com/images/tg/tg-mp-e2-120-20-10-2.jpg,THERMAL GRIZZLY,Pads térmicos
TG-D8-001,THERMAL GRIZZLY BANCO DE PRUEBAS DER8ENCHTABLE · NUEVO,"Banco de pruebas abierto profesional desarrollado con der8auer y ElmorLabs, con PCB activo integrado para control de ventiladores, bomba, almacenamiento y periféricos. Marco de aluminio anodizado negro, tres zonas de ventiladores (conmutables a 50% o 100%, 3A y fusible por zona) más zona de bomba, puertos SATA, ranuras microSD, USB 2.0 tipo A y C, y soporte para radiadores y fuente. Compatible con coolers de aire y AIO, con iluminación ARGB por header de 3 pines.",out of stock,new,5078.48 MXN,https://catalogo.quantum-imports.com/?sku=TG-D8-001,https://catalogo.quantum-imports.com/images/tg/tg-d8-001.jpg,THERMAL GRIZZLY,Overclocking y modding
TG-MY-P-RGB-I1851,THERMAL GRIZZLY INTEL 1851 MYCRO PRO RGB · NUEVO,"Bloque de agua para CPU con base de cobre niquelada de microaletas (ancho de canal y de aleta de 0.2 mm, 70 microaletas) y RGB. Placa de acrílico templado, jet plate para optimizar el flujo y filtro de malla fina en la entrada que retiene partículas del circuito. Puertos G1/4 y LEDs controlables por header ARGB de 3 pines. Para socket LGA1851, compatible también con LGA1700.",in stock,new,2891.88 MXN,https://catalogo.quantum-imports.com/?sku=TG-MY-P-RGB-I1851,https://catalogo.quantum-imports.com/images/tg/tg-my-p-rgb-i1851.jpg,THERMAL GRIZZLY,Overclocking y modding
TG-MY-P-RGB-AMD-AM5,THERMAL GRIZZLY AMD AM5 MYCRO PRO RGB · NUEVO,"Bloque de agua para CPU con base de cobre niquelada de microaletas (ancho de canal y de aleta de 0.2 mm, 68 microaletas) y RGB. Placa de acrílico templado, jet plate para optimizar el flujo y filtro de malla fina en la entrada que retiene partículas del circuito. Puertos G1/4 y LEDs controlables por header ARGB de 3 pines. Para socket AM5, compatible también con AM4.",in stock,new,2664.52 MXN,https://catalogo.quantum-imports.com/?sku=TG-MY-P-RGB-AMD-AM5,https://catalogo.quantum-imports.com/images/tg/tg-my-p-rgb-amd-am5.jpg,THERMAL GRIZZLY,Overclocking y modding
TG-WV-P2-H19N-W,THERMAL GRIZZLY WIREVIEW PRO II GPU 12V-2X6 NORMAL WHITE EDITION · NUEVO,"Medidor de consumo para GPU con conector 12V-2x6 que mide la corriente total y también por cada pin y cable, para detectar de inmediato problemas de contacto entre el cable y la tarjeta. Registra corriente, voltaje, temperatura y potencia de forma continua en pantalla TFT-IPS configurable, con ventilador semipasivo y carcasa de aluminio CNC que actúa como disipador; guarda un registro cada 60 segundos e incluye garantía extendida. Versión Normal, edición blanca.",in stock,new,2912.76 MXN,https://catalogo.quantum-imports.com/?sku=TG-WV-P2-H19N-W,https://catalogo.quantum-imports.com/images/tg/tg-wv-p2-h19n-w.jpg,THERMAL GRIZZLY,WireView
TG-WV-P2-H19R-W,THERMAL GRIZZLY WIREVIEW PRO II GPU 12V-2X6 REVERSED WHITE EDITION · NUEVO,"Medidor de consumo para GPU con conector 12V-2x6 que mide la corriente total y también por cada pin y cable, para detectar de inmediato problemas de contacto entre el cable y la tarjeta. Registra corriente, voltaje, temperatura y potencia de forma continua en pantalla TFT-IPS configurable, con ventilador semipasivo y carcasa de aluminio CNC que actúa como disipador; guarda un registro cada 60 segundos e incluye garantía extendida. Versión Reversed, edición blanca.",in stock,new,2912.76 MXN,https://catalogo.quantum-imports.com/?sku=TG-WV-P2-H19R-W,https://catalogo.quantum-imports.com/images/tg/tg-wv-p2-h19r-w.jpg,THERMAL GRIZZLY,WireView
TG-WV-P2-H19N,THERMAL GRIZZLY WIREVIEW PRO II GPU 12V-2X6 NORMAL · NUEVO,"Medidor de consumo para GPU con conector 12V-2x6 que mide la corriente total y también por cada pin y cable, para detectar de inmediato problemas de contacto entre el cable y la tarjeta. Registra corriente, voltaje, temperatura y potencia de forma continua en pantalla TFT-IPS configurable, con ventilador semipasivo y carcasa de aluminio CNC que actúa como disipador; guarda un registro cada 60 segundos e incluye garantía extendida. Versión Normal.",in stock,new,2685.40 MXN,https://catalogo.quantum-imports.com/?sku=TG-WV-P2-H19N,https://catalogo.quantum-imports.com/images/tg/tg-wv-p2-h19n.jpg,THERMAL GRIZZLY,WireView
TG-WV-P2-H19R,THERMAL GRIZZLY WIREVIEW PRO II GPU 12V-2X6 REVERSED · NUEVO,"Medidor de consumo para GPU con conector 12V-2x6 que mide la corriente total y también por cada pin y cable, para detectar de inmediato problemas de contacto entre el cable y la tarjeta. Registra corriente, voltaje, temperatura y potencia de forma continua en pantalla TFT-IPS configurable, con ventilador semipasivo y carcasa de aluminio CNC que actúa como disipador; guarda un registro cada 60 segundos e incluye garantía extendida. Versión Reversed.",in stock,new,2685.40 MXN,https://catalogo.quantum-imports.com/?sku=TG-WV-P2-H19R,https://catalogo.quantum-imports.com/images/tg/tg-wv-p2-h19r.jpg,THERMAL GRIZZLY,WireView
TG-DM-GPU-001,THERMAL GRIZZLY DELTAMATE BLOQUE GPU ROG ASTRAL RTX 5090 · NUEVO,"Bloque de agua para la tarjeta Asus ROG Astral GeForce RTX 5090, con coldplate de altísimo desempeño y carcasa de aluminio anodizado negro. Cooler de cobre formado por dos coldplates unidas; el módulo del núcleo usa canales y aletas de 0.2 mm de ancho con 2.5 mm de altura. Incluye terminal de latón macizo con una entrada y una salida, cada una con rosca G1/4.",out of stock,new,14928.04 MXN,https://catalogo.quantum-imports.com/?sku=TG-DM-GPU-001,https://catalogo.quantum-imports.com/images/tg/tg-dm-gpu-001.jpg,THERMAL GRIZZLY,Watercooling — DeltaMate
TG-DM-FIT-0001,THERMAL GRIZZLY DELTAMATE CONECTOR ST16 NEGRO · NUEVO,"Conector (fitting) DeltaMate ST16 para tubo blando de 10/16 mm (10 mm de diámetro interior, 16 mm exterior). Cuerpo de latón maquinado con cromado negro mate, O-ring de EPDM, rosca G1/4 macho y anillo de compresión estriado que sujeta el tubo. Se instala con llave Allen de 8 mm.",in stock,new,203.00 MXN,https://catalogo.quantum-imports.com/?sku=TG-DM-FIT-0001,https://catalogo.quantum-imports.com/images/tg/tg-dm-fit-0001.jpg,THERMAL GRIZZLY,Watercooling — DeltaMate
TG-DM-FIT-0002,THERMAL GRIZZLY DELTAMATE CONECTOR HT16 NEGRO · NUEVO,"Conector (fitting) DeltaMate HT16 para tubo rígido de 16 mm de diámetro exterior, en plásticos rígidos o metal. Latón maquinado con acabado negro y rosca G1/4, diseñado para facilitar la medición e instalación del tubo. Se instala con llave Allen de 8 mm.",in stock,new,229.68 MXN,https://catalogo.quantum-imports.com/?sku=TG-DM-FIT-0002,https://catalogo.quantum-imports.com/images/tg/tg-dm-fit-0002.jpg,THERMAL GRIZZLY,Watercooling — DeltaMate
TG-DM-FIT-0003,THERMAL GRIZZLY DELTAMATE ADAPTADOR ROTATIVO 90° NEGRO · NUEVO,"Adaptador rotativo DeltaMate en ángulo de 90°, con una rosca G1/4 macho y una hembra. Latón maquinado con cromado negro mate y O-ring de EPDM, para combinaciones modulares en sistemas de refrigeración líquida. Se instala con llave Allen de 8 mm.",in stock,new,240.12 MXN,https://catalogo.quantum-imports.com/?sku=TG-DM-FIT-0003,https://catalogo.quantum-imports.com/images/tg/tg-dm-fit-0003.jpg,THERMAL GRIZZLY,Watercooling — DeltaMate
TG-DM-FIT-0004,THERMAL GRIZZLY DELTAMATE ADAPTADOR ROTATIVO T NEGRO · NUEVO,"Adaptador rotativo DeltaMate en T, con una rosca G1/4 macho y dos hembra. Latón maquinado con cromado negro mate y O-ring de EPDM, para combinaciones modulares en sistemas de refrigeración líquida. Se instala con llave Allen de 8 mm.",in stock,new,298.12 MXN,https://catalogo.quantum-imports.com/?sku=TG-DM-FIT-0004,https://catalogo.quantum-imports.com/images/tg/tg-dm-fit-0004.jpg,THERMAL GRIZZLY,Watercooling — DeltaMate
TG-DM-FIT-0005,THERMAL GRIZZLY DELTAMATE EXTENSOR MF7 NEGRO · NUEVO,"Extensor DeltaMate MF7 en latón mecanizado con acabado cromado negro mate. Agrega 7 mm de separación entre el puerto del componente y el fitting, con rosca G1/4"" macho de un lado y hembra del otro y sello O-ring de EPDM resistente al ozono y a los rayos UV. Se instala con llave hexagonal de 8 mm.",in stock,new,87.00 MXN,https://catalogo.quantum-imports.com/?sku=TG-DM-FIT-0005,https://catalogo.quantum-imports.com/images/tg/tg-dm-fit-0005.jpg,THERMAL GRIZZLY,Watercooling — DeltaMate
TG-DM-FIT-0006,THERMAL GRIZZLY DELTAMATE EXTENSOR MF10 NEGRO · NUEVO,"Extensor DeltaMate MF10 de latón con acabado cromado negro mate. Aumenta 10.5 mm la separación entre el puerto y el fitting mediante rosca G1/4"" macho y hembra y O-ring de EPDM. Instalación con llave hexagonal de 8 mm y profundidad máxima de rosca de 4.5 mm.",in stock,new,102.08 MXN,https://catalogo.quantum-imports.com/?sku=TG-DM-FIT-0006,https://catalogo.quantum-imports.com/images/tg/tg-dm-fit-0006.jpg,THERMAL GRIZZLY,Watercooling — DeltaMate
TG-DM-FIT-0007,THERMAL GRIZZLY DELTAMATE EXTENSOR MF14 NEGRO · NUEVO,"Extensor DeltaMate MF14 de latón mecanizado, acabado cromado negro mate. Añade 14 mm de separación con rosca G1/4"" macho y hembra y sello O-ring de EPDM resistente al ozono y a los rayos UV. Se monta con llave hexagonal de 8 mm.",in stock,new,110.20 MXN,https://catalogo.quantum-imports.com/?sku=TG-DM-FIT-0007,https://catalogo.quantum-imports.com/images/tg/tg-dm-fit-0007.jpg,THERMAL GRIZZLY,Watercooling — DeltaMate
TG-DM-FIT-0008,THERMAL GRIZZLY DELTAMATE EXTENSOR MF28 NEGRO · NUEVO,"Extensor DeltaMate MF28 de latón con acabado cromado negro mate. Suma 28 mm de separación entre el puerto y el fitting con rosca G1/4"" macho y hembra, pensado para ganar espacio libre frente a módulos de memoria y ventiladores. Sello O-ring de EPDM e instalación con llave hexagonal de 8 mm.",in stock,new,134.56 MXN,https://catalogo.quantum-imports.com/?sku=TG-DM-FIT-0008,https://catalogo.quantum-imports.com/images/tg/tg-dm-fit-0008.jpg,THERMAL GRIZZLY,Watercooling — DeltaMate
TG-DM-FIT-0009,THERMAL GRIZZLY DELTAMATE TAPÓN NEGRO · NUEVO,"Tapón DeltaMate de latón mecanizado con acabado cromado negro mate. Es un tapón de perfil bajo con rosca G1/4"" macho que bloquea cualquier puerto hembra G1/4"" sin usar, con sello O-ring de EPDM. Incluye cubierta estética opcional con logo DeltaMate y se instala con llave hexagonal de 8 mm.",in stock,new,110.20 MXN,https://catalogo.quantum-imports.com/?sku=TG-DM-FIT-0009,https://catalogo.quantum-imports.com/images/tg/tg-dm-fit-0009.jpg,THERMAL GRIZZLY,Watercooling — DeltaMate
TG-DM-FIT-0010,THERMAL GRIZZLY DELTAMATE ADAPTADOR ROTATIVO FF90° NEGRO · NUEVO,"Adaptador rotativo DeltaMate FF90° de latón con acabado cromado negro mate. Codo giratorio de 90° con dos roscas hembra G1/4"" y O-ring de EPDM, para orientar el recorrido del líquido en espacios reducidos. Incluye cubierta estética opcional con logo DeltaMate y se instala con llave hexagonal de 8 mm.",in stock,new,257.52 MXN,https://catalogo.quantum-imports.com/?sku=TG-DM-FIT-0010,https://catalogo.quantum-imports.com/images/tg/tg-dm-fit-0010.jpg,THERMAL GRIZZLY,Watercooling — DeltaMate
TG-DM-FIT-0011,THERMAL GRIZZLY DELTAMATE EXTENSOR MM7R NEGRO · NUEVO,"Extensor rotativo DeltaMate MM7R de latón con acabado cromado negro mate. Conecta dos componentes de rosca hembra mediante dos roscas macho G1/4"" y una junta giratoria de rotación libre, con sello O-ring de EPDM. Se instala con llave hexagonal de 8 mm.",in stock,new,165.88 MXN,https://catalogo.quantum-imports.com/?sku=TG-DM-FIT-0011,https://catalogo.quantum-imports.com/images/tg/tg-dm-fit-0011.jpg,THERMAL GRIZZLY,Watercooling — DeltaMate
TG-DM-FIT-0013,THERMAL GRIZZLY DELTAMATE EXTENSOR FF14 NEGRO · NUEVO,"Extensor DeltaMate FF14 de latón mecanizado, acabado cromado negro mate. Conector de longitud fija que une dos componentes de rosca macho con dos puertos hembra G1/4"" separados 14 mm, con sello O-ring de EPDM. Se instala con llave hexagonal de 8 mm.",in stock,new,110.20 MXN,https://catalogo.quantum-imports.com/?sku=TG-DM-FIT-0013,https://catalogo.quantum-imports.com/images/tg/tg-dm-fit-0013.jpg,THERMAL GRIZZLY,Watercooling — DeltaMate
TG-DM-FIT-0014,THERMAL GRIZZLY DELTAMATE CONECTOR HT14 NEGRO · NUEVO,"Conector DeltaMate HT14 para tubo rígido de 14 mm de diámetro exterior, en latón con acabado cromado negro mate. Usa anillo de compresión moleteado y O-ring de EPDM de alta superficie para sujeción firme del tubo, con rosca G1/4"" macho. Su base plana permite instalar el tubo desde cualquier dirección con llave hexagonal de 8 mm.",in stock,new,165.88 MXN,https://catalogo.quantum-imports.com/?sku=TG-DM-FIT-0014,https://catalogo.quantum-imports.com/images/tg/tg-dm-fit-0014.jpg,THERMAL GRIZZLY,Watercooling — DeltaMate
TG-DM-FIT-0015,THERMAL GRIZZLY DELTAMATE ADAPTADOR ROTATIVO 45° NEGRO · NUEVO,"Adaptador rotativo DeltaMate de 45° en latón con acabado cromado negro mate. Codo giratorio con una rosca macho y una hembra G1/4"" y O-ring de EPDM, con diámetro exterior uniforme para integrarse con el resto de la línea DeltaMate. Se instala con llave hexagonal de 8 mm.",in stock,new,240.12 MXN,https://catalogo.quantum-imports.com/?sku=TG-DM-FIT-0015,https://catalogo.quantum-imports.com/images/tg/tg-dm-fit-0015.jpg,THERMAL GRIZZLY,Watercooling — DeltaMate
TG-DM-FIT-0016,THERMAL GRIZZLY DELTAMATE CONECTOR PASAMUROS NEGRO · NUEVO,"Conector pasamuros DeltaMate de latón con acabado cromado negro mate, para atravesar una abertura en un panel como la pared del gabinete o una ranura PCI. Admite paneles de hasta 5.5 mm de grosor y aberturas de 18 a 22 mm de diámetro. Se instala con llave hexagonal de 8 mm.",in stock,new,180.96 MXN,https://catalogo.quantum-imports.com/?sku=TG-DM-FIT-0016,https://catalogo.quantum-imports.com/images/tg/tg-dm-fit-0016.jpg,THERMAL GRIZZLY,Watercooling — DeltaMate
TG-DM-FIT-0017,THERMAL GRIZZLY DELTAMATE CONECTOR ST13 NEGRO · NUEVO,"Conector DeltaMate ST13 para tubo flexible de 10/13 mm (10 mm interior, 13 mm exterior), en latón con acabado cromado negro mate. Combina una espiga cónica con anillo de compresión moleteado para agarrar el tubo con alta fuerza de retención, con rosca G1/4"" macho y O-ring de EPDM. Se instala con llave hexagonal de 8 mm.",in stock,new,146.16 MXN,https://catalogo.quantum-imports.com/?sku=TG-DM-FIT-0017,https://catalogo.quantum-imports.com/images/tg/tg-dm-fit-0017.jpg,THERMAL GRIZZLY,Watercooling — DeltaMate
TG-DM-FIT-0201,THERMAL GRIZZLY DELTAMATE CONECTOR ST16 NÍQUEL MATE · NUEVO,"Conector DeltaMate ST16 para tubo flexible de 16/10 mm (16 mm exterior, 10 mm interior), en latón con acabado níquel mate. Usa espiga cónica y anillo de compresión moleteado para sujetar el tubo, con rosca G1/4"" macho y O-ring de EPDM. Se instala con llave hexagonal de 8 mm.",in stock,new,146.16 MXN,https://catalogo.quantum-imports.com/?sku=TG-DM-FIT-0201,https://catalogo.quantum-imports.com/images/tg/tg-dm-fit-0201.jpg,THERMAL GRIZZLY,Watercooling — DeltaMate
TG-DM-FIT-0202,THERMAL GRIZZLY DELTAMATE CONECTOR HT16 NÍQUEL MATE · NUEVO,"Conector DeltaMate HT16 para tubo rígido de 16 mm de diámetro exterior, en latón con acabado níquel mate. Anillo de compresión moleteado y O-ring de EPDM para sujeción firme, con rosca G1/4"" macho y base plana que permite instalar el tubo desde cualquier dirección. Se monta con llave hexagonal de 8 mm.",in stock,new,165.88 MXN,https://catalogo.quantum-imports.com/?sku=TG-DM-FIT-0202,https://catalogo.quantum-imports.com/images/tg/tg-dm-fit-0202.jpg,THERMAL GRIZZLY,Watercooling — DeltaMate
TG-DM-FIT-0203,THERMAL GRIZZLY DELTAMATE ADAPTADOR ROTATIVO 90° NÍQUEL MATE · NUEVO,"Adaptador rotativo DeltaMate de 90° en latón con acabado níquel mate. Codo giratorio con una rosca macho y una hembra G1/4"" y O-ring de EPDM, con diámetro exterior uniforme para integrarse con el resto de la línea DeltaMate. Se instala con llave hexagonal de 8 mm.",in stock,new,240.12 MXN,https://catalogo.quantum-imports.com/?sku=TG-DM-FIT-0203,https://catalogo.quantum-imports.com/images/tg/tg-dm-fit-0203.jpg,THERMAL GRIZZLY,Watercooling — DeltaMate
TG-DM-FIT-0204,THERMAL GRIZZLY DELTAMATE ADAPTADOR ROTATIVO T NÍQUEL MATE · NUEVO,"Adaptador rotativo DeltaMate en T de latón con acabado níquel mate. Pieza en T giratoria con una rosca macho y dos hembra G1/4"" y O-ring de EPDM, para derivar el recorrido del líquido en el loop. Se instala con llave hexagonal de 8 mm.",in stock,new,257.52 MXN,https://catalogo.quantum-imports.com/?sku=TG-DM-FIT-0204,https://catalogo.quantum-imports.com/images/tg/tg-dm-fit-0204.jpg,THERMAL GRIZZLY,Watercooling — DeltaMate
TG-DM-FIT-0205,THERMAL GRIZZLY DELTAMATE EXTENSOR MF7 NÍQUEL MATE · NUEVO,"Extensor DeltaMate MF7 de latón mecanizado con acabado níquel mate. Agrega 7 mm de separación entre el puerto y el fitting con rosca G1/4"" macho y hembra y O-ring de EPDM resistente al ozono y a los rayos UV. Se instala con llave hexagonal de 8 mm.",in stock,new,95.12 MXN,https://catalogo.quantum-imports.com/?sku=TG-DM-FIT-0205,https://catalogo.quantum-imports.com/images/tg/tg-dm-fit-0205.jpg,THERMAL GRIZZLY,Watercooling — DeltaMate
TG-DM-FIT-0206,THERMAL GRIZZLY DELTAMATE EXTENSOR MF10 NÍQUEL MATE · NUEVO,"Extensor DeltaMate MF10 de latón con acabado níquel mate. Aumenta 10.5 mm la separación entre el puerto y el fitting mediante rosca G1/4"" macho y hembra y O-ring de EPDM. Instalación con llave hexagonal de 8 mm y profundidad máxima de rosca de 4.5 mm.",in stock,new,102.08 MXN,https://catalogo.quantum-imports.com/?sku=TG-DM-FIT-0206,https://catalogo.quantum-imports.com/images/tg/tg-dm-fit-0206.jpg,THERMAL GRIZZLY,Watercooling — DeltaMate
TG-DM-FIT-0207,THERMAL GRIZZLY DELTAMATE EXTENSOR MF14 NÍQUEL MATE · NUEVO,"Extensor DeltaMate MF14 de latón mecanizado, acabado níquel mate. Añade 14 mm de separación con rosca G1/4"" macho y hembra y sello O-ring de EPDM. Se monta con llave hexagonal de 8 mm.",in stock,new,110.20 MXN,https://catalogo.quantum-imports.com/?sku=TG-DM-FIT-0207,https://catalogo.quantum-imports.com/images/tg/tg-dm-fit-0207.jpg,THERMAL GRIZZLY,Watercooling — DeltaMate
TG-DM-FIT-0208,THERMAL GRIZZLY DELTAMATE EXTENSOR MF28 NÍQUEL MATE · NUEVO,"Extensor DeltaMate MF28 de latón con acabado níquel mate. Suma 28 mm de separación entre el puerto y el fitting con rosca G1/4"" macho y hembra, útil para ganar espacio libre frente a módulos de memoria y ventiladores. Sello O-ring de EPDM e instalación con llave hexagonal de 8 mm.",in stock,new,134.56 MXN,https://catalogo.quantum-imports.com/?sku=TG-DM-FIT-0208,https://catalogo.quantum-imports.com/images/tg/tg-dm-fit-0208.jpg,THERMAL GRIZZLY,Watercooling — DeltaMate
TG-DM-FIT-0209,THERMAL GRIZZLY DELTAMATE TAPÓN NÍQUEL MATE · NUEVO,"Tapón DeltaMate de latón mecanizado con acabado níquel mate. Tapón de perfil bajo con rosca G1/4"" macho que bloquea cualquier puerto hembra G1/4"" sin usar, con O-ring de EPDM. Incluye cubierta estética opcional con logo DeltaMate y se instala con llave hexagonal de 8 mm.",in stock,new,110.20 MXN,https://catalogo.quantum-imports.com/?sku=TG-DM-FIT-0209,https://catalogo.quantum-imports.com/images/tg/tg-dm-fit-0209.jpg,THERMAL GRIZZLY,Watercooling — DeltaMate
TG-DM-FIT-0210,THERMAL GRIZZLY DELTAMATE ADAPTADOR ROTATIVO FF90° NÍQUEL MATE · NUEVO,"Adaptador rotativo DeltaMate FF90° de latón con acabado níquel mate. Codo giratorio de 90° con dos roscas hembra G1/4"" y O-ring de EPDM, para orientar el recorrido del líquido en espacios reducidos. Incluye cubierta estética opcional con logo DeltaMate y se instala con llave hexagonal de 8 mm.",in stock,new,257.52 MXN,https://catalogo.quantum-imports.com/?sku=TG-DM-FIT-0210,https://catalogo.quantum-imports.com/images/tg/tg-dm-fit-0210.jpg,THERMAL GRIZZLY,Watercooling — DeltaMate
TG-DM-FIT-0211,THERMAL GRIZZLY DELTAMATE EXTENSOR MM7R NÍQUEL MATE · NUEVO,"Extensor rotativo DeltaMate MM7R de latón con acabado níquel mate. Une dos componentes de rosca hembra mediante dos roscas macho G1/4"" y una junta giratoria de rotación libre, con O-ring de EPDM. Se instala con llave hexagonal de 8 mm.",in stock,new,146.16 MXN,https://catalogo.quantum-imports.com/?sku=TG-DM-FIT-0211,https://catalogo.quantum-imports.com/images/tg/tg-dm-fit-0211.jpg,THERMAL GRIZZLY,Watercooling — DeltaMate
TG-DM-FIT-0213,THERMAL GRIZZLY DELTAMATE EXTENSOR FF14 NÍQUEL MATE · NUEVO,"Extensor DeltaMate FF14 de latón mecanizado, acabado níquel mate. Conector de longitud fija que une dos componentes de rosca macho con dos puertos hembra G1/4"" separados 14 mm, con O-ring de EPDM. Se instala con llave hexagonal de 8 mm.",in stock,new,110.20 MXN,https://catalogo.quantum-imports.com/?sku=TG-DM-FIT-0213,https://catalogo.quantum-imports.com/images/tg/tg-dm-fit-0213.jpg,THERMAL GRIZZLY,Watercooling — DeltaMate
TG-DM-FIT-0214,THERMAL GRIZZLY DELTAMATE CONECTOR HT14 NÍQUEL MATE · NUEVO,"Conector DeltaMate HT14 para tubo rígido de 14 mm de diámetro exterior, en latón con acabado níquel mate. Anillo de compresión moleteado y O-ring de EPDM de alta superficie para sujeción firme del tubo, con rosca G1/4"" macho y base plana. Se instala con llave hexagonal de 8 mm.",in stock,new,165.88 MXN,https://catalogo.quantum-imports.com/?sku=TG-DM-FIT-0214,https://catalogo.quantum-imports.com/images/tg/tg-dm-fit-0214.jpg,THERMAL GRIZZLY,Watercooling — DeltaMate
TG-DM-FIT-0215,THERMAL GRIZZLY DELTAMATE ADAPTADOR ROTATIVO 45° NÍQUEL MATE · NUEVO,"Adaptador rotativo DeltaMate de 45° en latón con acabado níquel mate. Codo giratorio con una rosca macho y una hembra G1/4"" y O-ring de EPDM, con diámetro exterior uniforme para integrarse con el resto de la línea DeltaMate. Se instala con llave hexagonal de 8 mm.",in stock,new,240.12 MXN,https://catalogo.quantum-imports.com/?sku=TG-DM-FIT-0215,https://catalogo.quantum-imports.com/images/tg/tg-dm-fit-0215.jpg,THERMAL GRIZZLY,Watercooling — DeltaMate
TG-DM-FIT-0216,THERMAL GRIZZLY DELTAMATE CONECTOR PASAMUROS NÍQUEL MATE · NUEVO,"Conector pasamuros DeltaMate de latón con acabado níquel mate, para atravesar una abertura en un panel como la pared del gabinete o una ranura PCI. Admite paneles de hasta 5.5 mm de grosor y aberturas de 18 a 22 mm de diámetro. Se instala con llave hexagonal de 8 mm.",in stock,new,180.96 MXN,https://catalogo.quantum-imports.com/?sku=TG-DM-FIT-0216,https://catalogo.quantum-imports.com/images/tg/tg-dm-fit-0216.jpg,THERMAL GRIZZLY,Watercooling — DeltaMate
TG-DM-FIT-0012,THERMAL GRIZZLY DELTAMATE VÁLVULA DE DRENAJE NEGRO · NUEVO,"Válvula de drenaje DeltaMate de latón con rosca G1/4"", con válvula interna accionada por resorte que sella de forma automática para un drenado sin fugas. Integra una espiga de 10 mm para conectar tubo flexible estándar y dirigir el vaciado del loop, con O-ring de EPDM y cuerpo de bajo perfil. Incluye tapa protectora y se instala con llave hexagonal de 8 mm.",in stock,new,561.44 MXN,https://catalogo.quantum-imports.com/?sku=TG-DM-FIT-0012,https://catalogo.quantum-imports.com/images/tg/tg-dm-fit-0012.jpg,THERMAL GRIZZLY,Watercooling — DeltaMate
TG-CAL-150,THERMAL GRIZZLY CALIBRADOR · NUEVO,"Calibrador digital TG Caliper de Thermal Grizzly con rango de medición de 150 mm (6 pulgadas), pensado para el armado de PC: medir grosor de thermal pads, largo de tornillos y diámetros interior y exterior o espesor de pared de tubos. Muestra el valor en sistema métrico o imperial con resolución de 0.1 mm (0.01"") y precisión de ±0.2 mm. Cuerpo de ABS de alta dureza con protección IP54 contra polvo y salpicaduras; funciona con pila LR44 (incluye dos).",out of stock,new,119.48 MXN,https://catalogo.quantum-imports.com/?sku=TG-CAL-150,https://catalogo.quantum-imports.com/images/tg/tg-cal-150.jpg,THERMAL GRIZZLY,Accesorios
TG-KIS-B-10-60-50,THERMAL GRIZZLY LÁMINA AISLANTE KAPTON - BLACK EDITION · NUEVO,"Lámina aislante de Kapton TG Black Edition, película de poliimida eléctricamente aislante que resiste hasta 260 °C y sirve para enmascarar componentes SMD junto al CPU o GPU al aplicar materiales térmicos conductores como Conductonaut, Carbonaut o KryoSheet. La edición Black es más delgada que la estándar (30 µm frente a 40 µm) y ofrece una tensión de ruptura mayor, de 5 kV. Se suministra en 10 hojas portadoras con 5 tiras adhesivas cada una (50 tiras), de 10 mm de ancho por 60 mm de largo.",in stock,new,250.56 MXN,https://catalogo.quantum-imports.com/?sku=TG-KIS-B-10-60-50,https://catalogo.quantum-imports.com/images/tg/tg-kis-b-10-60-50.jpg,THERMAL GRIZZLY,Accesorios
TG-AS-P-3,THERMAL GRIZZLY ESPÁTULAS PRO (3 PZAS) · NUEVO,"Set de 3 espátulas TG Spatula Pro para aplicar y extender pasta térmica de viscosidad alta a muy alta, como Duronaut, con distribución pareja y precisa. El plástico blando es de menor dureza que las herramientas metálicas, por lo que no raya el CPU ni reacciona con los componentes metálicos de la pasta; su forma tipo llana da rigidez al presionar. Compatible con Duronaut, Aeronaut, Hydronaut, Kryonaut y Kryonaut Extreme.",in stock,new,172.84 MXN,https://catalogo.quantum-imports.com/?sku=TG-AS-P-3,https://catalogo.quantum-imports.com/images/tg/tg-as-p-3.jpg,THERMAL GRIZZLY,Accesorios
TG-GG-100-100-08,"THERMAL GRIZZLY GPU GUARD - 100X100X0,8 · NUEVO","GPU Guard de Thermal Grizzly en formato universal de 100 x 100 mm para recortar a medida, un empaque de espuma altamente compresible que protege los componentes SMD junto al die de la GPU al usar metal líquido u otros materiales térmicos eléctricamente conductores. Su altura base de 0.8 mm se comprime hasta 0.15 mm para compensar las diferencias de altura de los SMD y prolongar la durabilidad del metal líquido.",in stock,new,192.56 MXN,https://catalogo.quantum-imports.com/?sku=TG-GG-100-100-08,https://catalogo.quantum-imports.com/images/tg/tg-gg-100-100-08.jpg,THERMAL GRIZZLY,Accesorios
TG-GG-01,"THERMAL GRIZZLY GPU GUARD - NVIDIA 4090, 5090, 5080 · NUEVO","GPU Guard de Thermal Grizzly en set para NVIDIA, empaques de espuma altamente compresible que protegen los SMD junto al die de la GPU al usar metal líquido u otros materiales térmicos conductores. Incluye tres empaques para cada uno de los dies de GeForce RTX 5090, RTX 5080 y RTX 4090, montados sobre película de transferencia para facilitar la colocación.",in stock,new,157.76 MXN,https://catalogo.quantum-imports.com/?sku=TG-GG-01,https://catalogo.quantum-imports.com/images/tg/tg-gg-01.jpg,THERMAL GRIZZLY,Accesorios
QI-TAZA-TG,TAZA CERAMICA THERMAL GRIZZLY 11 OZ,TAZA DE CERAMICA PROMOCIONAL,in stock,new,58.00 MXN,https://catalogo.quantum-imports.com/?sku=QI-TAZA-TG,https://catalogo.quantum-imports.com/images/quantum/qi-taza-tg.jpg,PROMOCIONALES,TAZAS
QI-TAZA-NOC,TAZA CERAMICA NOCTUA 11 OZ,TAZA DE CERAMICA PROMOCIONAL,in stock,new,58.00 MXN,https://catalogo.quantum-imports.com/?sku=QI-TAZA-NOC,https://catalogo.quantum-imports.com/images/quantum/qi-taza-noc.jpg,PROMOCIONALES,TAZAS
QI-TAZA-STJ,TAZA CERAMICA STEJAR 11 OZ,TAZA DE CERAMICA PROMOCIONAL,in stock,new,58.00 MXN,https://catalogo.quantum-imports.com/?sku=QI-TAZA-STJ,https://catalogo.quantum-imports.com/images/quantum/qi-taza-stj.jpg,PROMOCIONALES,TAZAS
QI-TAZA-MOZA,TAZA CERAMICA MOZA RACING 11 OZ,TAZA DE CERAMICA PROMOCIONAL,in stock,new,58.00 MXN,https://catalogo.quantum-imports.com/?sku=QI-TAZA-MOZA,https://catalogo.quantum-imports.com/images/quantum/qi-taza-moza.jpg,PROMOCIONALES,TAZAS
QI-TAZA-QIM-MARCAS,TAZA CERAMICA QUANTUM IMPORTS EDICION MARCAS 11 OZ,TAZA DE CERAMICA PROMOCIONAL,in stock,new,58.00 MXN,https://catalogo.quantum-imports.com/?sku=QI-TAZA-QIM-MARCAS,https://catalogo.quantum-imports.com/images/quantum/qi-taza-qim-marcas.jpg,PROMOCIONALES,TAZAS
QI-TAZA-QIM,TAZA CERAMICA QUANTUM IMPORTS 11 OZ,TAZA DE CERAMICA PROMOCIONAL,in stock,new,58.00 MXN,https://catalogo.quantum-imports.com/?sku=QI-TAZA-QIM,https://catalogo.quantum-imports.com/images/quantum/qi-taza-qim.jpg,PROMOCIONALES,TAZAS
